id_cartao,id_cliente
1,5
2,121
3,207
4,368
5,296
6,313
7,218
8,45
9,157
10,399
11,18
12,352
13,274
14,114
15,312
16,335
17,18
18,43
19,267
20,400
21,10
22,267
23,55
24,261
25,250
26,37
27,273
28,359
29,346
30,12
31,99
32,97
33,182
34,58
35,342
36,311
37,324
38,80
39,6
40,365
41,116
42,263
43,364
44,15
45,3
46,3
47,63
48,21
49,328
50,243
51,393
52,321
53,386
54,96
55,116
56,340
57,98
58,23
59,268
60,321
61,388
62,372
63,49
64,309
65,339
66,280
67,328
68,336
69,179
70,17
71,183
72,81
73,46
74,50
75,279
76,202
77,216
78,299
79,220
80,253
81,35
82,341
83,180
84,63
85,326
86,294
87,22
88,78
89,7
90,109
91,40
92,284
93,210
94,393
95,300
96,245
97,204
98,22
99,29
100,247
101,2
102,17
103,88
104,354
105,184
106,284
107,165
108,70
109,149
110,37
111,309
112,74
113,151
114,393
115,237
116,184
117,218
118,314
119,102
120,255
121,350
122,229
123,179
124,59
125,100
126,379
127,217
128,121
129,168
130,232
131,216
132,280
133,103
134,260
135,178
136,377
137,64
138,60
139,185
140,204
141,277
142,162
143,366
144,190
145,52
146,48
147,390
148,54
149,380
150,112
151,38
152,122
153,246
154,172
155,315
156,245
157,161
158,254
159,389
160,165
161,62
162,164
163,337
164,88
165,380
166,236
167,241
168,127
169,369
170,15
171,120
172,168
173,191
174,190
175,60
176,91
177,39
178,229
179,141
180,227
181,236
182,281
183,219
184,260
185,235
186,261
187,247
188,127
189,99
190,315
191,138
192,220
193,79
194,173
195,212
196,251
197,211
198,145
199,385
200,206
201,324
202,295
203,224
204,355
205,52
206,369
207,341
208,202
209,294
210,209
211,108
212,320
213,99
214,126
215,208
216,335
217,154
218,198
219,17
220,47
221,23
222,29
223,348
224,337
225,329
226,23
227,32
228,113
229,227
230,134
231,196
232,70
233,293
234,126
235,27
236,298
237,362
238,6
239,175
240,331
241,283
242,343
243,167
244,149
245,284
246,62
247,96
248,241
249,268
250,48
251,204
252,146
253,201
254,384
255,31
256,399
257,180
258,309
259,170
260,125
261,309
262,276
263,58
264,283
265,302
266,156
267,371
268,257
269,134
270,5
271,270
272,84
273,303
274,211
275,187
276,66
277,285
278,67
279,168
280,335
281,369
282,396
283,384
284,223
285,81
286,336
287,321
288,397
289,261
290,57
291,202
292,180
293,338
294,158
295,132
296,33
297,335
298,303
299,17
300,174
301,192
302,188
303,368
304,61
305,123
306,73
307,98
308,363
309,377
310,18
311,253
312,94
313,78
314,117
315,78
316,197
317,399
318,235
319,290
320,198
321,6
322,34
323,108
324,98
325,337
326,338
327,342
328,256
329,223
330,260
331,163
332,269
333,318
334,306
335,246
336,24
337,290
338,147
339,298
340,216
341,353
342,136
343,373
344,338
345,133
346,194
347,213
348,308
349,276
350,341
351,148
352,202
353,173
354,364
355,122
356,235
357,49
358,341
359,154
360,137
361,234
362,200
363,340
364,213
365,207
366,42
367,9
368,160
369,400
370,367
371,252
372,253
373,157
374,72
375,4
376,136
377,127
378,77
379,104
380,10
381,244
382,371
383,277
384,180
385,169
386,124
387,57
388,240
389,227
390,3
391,167
392,112
393,69
394,282
395,211
396,254
397,286
398,393
399,322
400,249
401,352
402,192
403,394
404,305
405,261
406,362
407,207
408,289
409,114
410,386
411,250
412,313
413,185
414,347
415,30
416,46
417,203
418,293
419,324
420,177
421,260
422,222
423,385
424,262
425,167
426,388
427,43
428,394
429,62
430,116
431,329
432,294
433,389
434,300
435,255
436,139
437,2
438,50
439,120
440,17
441,204
442,311
443,386
444,196
445,351
446,395
447,344
448,186
449,131
450,392
451,97
452,165
453,30
454,318
455,260
456,34
457,89
458,223
459,217
460,321
461,107
462,370
463,178
464,330
465,96
466,15
467,23
468,150
469,382
470,20
471,148
472,44
473,373
474,271
475,306
476,286
477,263
478,310
479,4
480,347
481,296
482,296
483,158
484,321
485,153
486,20
487,364
488,94
489,41
490,249
491,94
492,344
493,178
494,2
495,381
496,206
497,106
498,271
499,213
500,12
501,304
502,161
503,280
504,359
505,245
506,269
507,102
508,96
509,167
510,342
511,210
512,140
513,312
514,342
515,362
516,120
517,284
518,237
519,180
520,159
521,46
522,110
523,220
524,355
525,347
526,76
527,272
528,34
529,271
530,137
531,180
532,288
533,170
534,323
535,214
536,400
537,256
538,119
539,311
540,164
541,214
542,55
543,48
544,230
545,75
546,400
547,343
548,281
549,294
550,239
551,25
552,157
553,199
554,367
555,88
556,199
557,138
558,54
559,42
560,147
561,33
562,27
563,141
564,81
565,222
566,8
567,121
568,182
569,386
570,254
571,353
572,138
573,180
574,169
575,355
576,384
577,385
578,301
579,202
580,217
581,393
582,114
583,139
584,359
585,155
586,95
587,225
588,131
589,357
590,364
591,123
592,212
593,394
594,297
595,87
596,237
597,248
598,262
599,11
600,120
