id_cliente,nome,telefone
1,cliente_1,8799999999
2,cliente_2,8799999999
3,cliente_3,8799999999
4,cliente_4,8799999999
5,cliente_5,
6,cliente_6,8799999999
7,cliente_7,8799999999
8,cliente_8,8799999999
9,cliente_9,8799999999
10,cliente_10,8799999999
11,cliente_11,8799999999
12,cliente_12,8799999999
13,cliente_13,8799999999
14,cliente_14,8799999999
15,cliente_15,8799999999
16,cliente_16,8799999999
17,cliente_17,8799999999
18,cliente_18,
19,cliente_19,8799999999
20,cliente_20,8799999999
21,cliente_21,8799999999
22,cliente_22,8799999999
23,cliente_23,8799999999
24,cliente_24,8799999999
25,cliente_25,8799999999
26,cliente_26,8799999999
27,cliente_27,8799999999
28,cliente_28,
29,cliente_29,8799999999
30,cliente_30,8799999999
31,cliente_31,8799999999
32,cliente_32,8799999999
33,cliente_33,8799999999
34,cliente_34,8799999999
35,cliente_35,8799999999
36,cliente_36,8799999999
37,cliente_37,8799999999
38,cliente_38,8799999999
39,cliente_39,8799999999
40,cliente_40,8799999999
41,cliente_41,8799999999
42,cliente_42,8799999999
43,cliente_43,8799999999
44,cliente_44,8799999999
45,cliente_45,8799999999
46,cliente_46,8799999999
47,cliente_47,8799999999
48,cliente_48,8799999999
49,cliente_49,8799999999
50,cliente_50,8799999999
51,cliente_51,8799999999
52,cliente_52,
53,cliente_53,8799999999
54,cliente_54,8799999999
55,cliente_55,8799999999
56,cliente_56,8799999999
57,cliente_57,8799999999
58,cliente_58,8799999999
59,cliente_59,8799999999
60,cliente_60,8799999999
61,cliente_61,8799999999
62,cliente_62,8799999999
63,cliente_63,8799999999
64,cliente_64,8799999999
65,cliente_65,8799999999
66,cliente_66,8799999999
67,cliente_67,8799999999
68,cliente_68,8799999999
69,cliente_69,
70,cliente_70,8799999999
71,cliente_71,8799999999
72,cliente_72,8799999999
73,cliente_73,8799999999
74,cliente_74,8799999999
75,cliente_75,
76,cliente_76,8799999999
77,cliente_77,8799999999
78,cliente_78,8799999999
79,cliente_79,8799999999
80,cliente_80,8799999999
81,cliente_81,8799999999
82,cliente_82,8799999999
83,cliente_83,8799999999
84,cliente_84,8799999999
85,cliente_85,
86,cliente_86,
87,cliente_87,8799999999
88,cliente_88,8799999999
89,cliente_89,8799999999
90,cliente_90,8799999999
91,cliente_91,8799999999
92,cliente_92,8799999999
93,cliente_93,8799999999
94,cliente_94,8799999999
95,cliente_95,8799999999
96,cliente_96,8799999999
97,cliente_97,8799999999
98,cliente_98,
99,cliente_99,8799999999
100,cliente_100,8799999999
101,cliente_101,8799999999
102,cliente_102,8799999999
103,cliente_103,8799999999
104,cliente_104,8799999999
105,cliente_105,8799999999
106,cliente_106,8799999999
107,cliente_107,8799999999
108,cliente_108,8799999999
109,cliente_109,
110,cliente_110,8799999999
111,cliente_111,8799999999
112,cliente_112,8799999999
113,cliente_113,8799999999
114,cliente_114,8799999999
115,cliente_115,8799999999
116,cliente_116,8799999999
117,cliente_117,8799999999
118,cliente_118,8799999999
119,cliente_119,8799999999
120,cliente_120,8799999999
121,cliente_121,8799999999
122,cliente_122,8799999999
123,cliente_123,
124,cliente_124,8799999999
125,cliente_125,
126,cliente_126,8799999999
127,cliente_127,8799999999
128,cliente_128,8799999999
129,cliente_129,8799999999
130,cliente_130,8799999999
131,cliente_131,8799999999
132,cliente_132,8799999999
133,cliente_133,8799999999
134,cliente_134,8799999999
135,cliente_135,8799999999
136,cliente_136,
137,cliente_137,8799999999
138,cliente_138,8799999999
139,cliente_139,8799999999
140,cliente_140,
141,cliente_141,8799999999
142,cliente_142,8799999999
143,cliente_143,8799999999
144,cliente_144,8799999999
145,cliente_145,8799999999
146,cliente_146,8799999999
147,cliente_147,8799999999
148,cliente_148,8799999999
149,cliente_149,8799999999
150,cliente_150,
151,cliente_151,8799999999
152,cliente_152,8799999999
153,cliente_153,8799999999
154,cliente_154,8799999999
155,cliente_155,8799999999
156,cliente_156,8799999999
157,cliente_157,8799999999
158,cliente_158,8799999999
159,cliente_159,8799999999
160,cliente_160,8799999999
161,cliente_161,8799999999
162,cliente_162,8799999999
163,cliente_163,8799999999
164,cliente_164,
165,cliente_165,8799999999
166,cliente_166,8799999999
167,cliente_167,8799999999
168,cliente_168,8799999999
169,cliente_169,8799999999
170,cliente_170,8799999999
171,cliente_171,8799999999
172,cliente_172,8799999999
173,cliente_173,8799999999
174,cliente_174,8799999999
175,cliente_175,8799999999
176,cliente_176,
177,cliente_177,8799999999
178,cliente_178,8799999999
179,cliente_179,8799999999
180,cliente_180,8799999999
181,cliente_181,8799999999
182,cliente_182,8799999999
183,cliente_183,8799999999
184,cliente_184,8799999999
185,cliente_185,8799999999
186,cliente_186,8799999999
187,cliente_187,8799999999
188,cliente_188,
189,cliente_189,8799999999
190,cliente_190,8799999999
191,cliente_191,8799999999
192,cliente_192,8799999999
193,cliente_193,8799999999
194,cliente_194,8799999999
195,cliente_195,8799999999
196,cliente_196,8799999999
197,cliente_197,8799999999
198,cliente_198,8799999999
199,cliente_199,8799999999
200,cliente_200,8799999999
201,cliente_201,8799999999
202,cliente_202,8799999999
203,cliente_203,8799999999
204,cliente_204,8799999999
205,cliente_205,
206,cliente_206,8799999999
207,cliente_207,8799999999
208,cliente_208,8799999999
209,cliente_209,8799999999
210,cliente_210,8799999999
211,cliente_211,8799999999
212,cliente_212,8799999999
213,cliente_213,8799999999
214,cliente_214,8799999999
215,cliente_215,8799999999
216,cliente_216,8799999999
217,cliente_217,8799999999
218,cliente_218,8799999999
219,cliente_219,8799999999
220,cliente_220,8799999999
221,cliente_221,8799999999
222,cliente_222,8799999999
223,cliente_223,8799999999
224,cliente_224,8799999999
225,cliente_225,8799999999
226,cliente_226,8799999999
227,cliente_227,
228,cliente_228,8799999999
229,cliente_229,8799999999
230,cliente_230,8799999999
231,cliente_231,8799999999
232,cliente_232,8799999999
233,cliente_233,8799999999
234,cliente_234,8799999999
235,cliente_235,8799999999
236,cliente_236,8799999999
237,cliente_237,8799999999
238,cliente_238,8799999999
239,cliente_239,
240,cliente_240,8799999999
241,cliente_241,8799999999
242,cliente_242,8799999999
243,cliente_243,8799999999
244,cliente_244,8799999999
245,cliente_245,8799999999
246,cliente_246,8799999999
247,cliente_247,8799999999
248,cliente_248,8799999999
249,cliente_249,8799999999
250,cliente_250,8799999999
251,cliente_251,8799999999
252,cliente_252,8799999999
253,cliente_253,8799999999
254,cliente_254,8799999999
255,cliente_255,8799999999
256,cliente_256,8799999999
257,cliente_257,8799999999
258,cliente_258,8799999999
259,cliente_259,
260,cliente_260,8799999999
261,cliente_261,8799999999
262,cliente_262,8799999999
263,cliente_263,8799999999
264,cliente_264,8799999999
265,cliente_265,8799999999
266,cliente_266,8799999999
267,cliente_267,8799999999
268,cliente_268,8799999999
269,cliente_269,8799999999
270,cliente_270,
271,cliente_271,
272,cliente_272,8799999999
273,cliente_273,
274,cliente_274,8799999999
275,cliente_275,8799999999
276,cliente_276,8799999999
277,cliente_277,8799999999
278,cliente_278,8799999999
279,cliente_279,8799999999
280,cliente_280,8799999999
281,cliente_281,
282,cliente_282,8799999999
283,cliente_283,8799999999
284,cliente_284,8799999999
285,cliente_285,8799999999
286,cliente_286,8799999999
287,cliente_287,
288,cliente_288,8799999999
289,cliente_289,8799999999
290,cliente_290,8799999999
291,cliente_291,8799999999
292,cliente_292,
293,cliente_293,8799999999
294,cliente_294,
295,cliente_295,8799999999
296,cliente_296,8799999999
297,cliente_297,8799999999
298,cliente_298,8799999999
299,cliente_299,8799999999
300,cliente_300,8799999999
301,cliente_301,8799999999
302,cliente_302,8799999999
303,cliente_303,8799999999
304,cliente_304,8799999999
305,cliente_305,8799999999
306,cliente_306,8799999999
307,cliente_307,8799999999
308,cliente_308,8799999999
309,cliente_309,8799999999
310,cliente_310,8799999999
311,cliente_311,8799999999
312,cliente_312,8799999999
313,cliente_313,8799999999
314,cliente_314,8799999999
315,cliente_315,8799999999
316,cliente_316,8799999999
317,cliente_317,8799999999
318,cliente_318,8799999999
319,cliente_319,8799999999
320,cliente_320,8799999999
321,cliente_321,8799999999
322,cliente_322,8799999999
323,cliente_323,8799999999
324,cliente_324,8799999999
325,cliente_325,8799999999
326,cliente_326,8799999999
327,cliente_327,8799999999
328,cliente_328,8799999999
329,cliente_329,8799999999
330,cliente_330,8799999999
331,cliente_331,8799999999
332,cliente_332,8799999999
333,cliente_333,8799999999
334,cliente_334,8799999999
335,cliente_335,8799999999
336,cliente_336,8799999999
337,cliente_337,
338,cliente_338,8799999999
339,cliente_339,
340,cliente_340,8799999999
341,cliente_341,8799999999
342,cliente_342,8799999999
343,cliente_343,8799999999
344,cliente_344,8799999999
345,cliente_345,8799999999
346,cliente_346,8799999999
347,cliente_347,8799999999
348,cliente_348,8799999999
349,cliente_349,8799999999
350,cliente_350,
351,cliente_351,8799999999
352,cliente_352,8799999999
353,cliente_353,8799999999
354,cliente_354,8799999999
355,cliente_355,8799999999
356,cliente_356,8799999999
357,cliente_357,8799999999
358,cliente_358,8799999999
359,cliente_359,8799999999
360,cliente_360,8799999999
361,cliente_361,8799999999
362,cliente_362,8799999999
363,cliente_363,8799999999
364,cliente_364,
365,cliente_365,8799999999
366,cliente_366,8799999999
367,cliente_367,8799999999
368,cliente_368,8799999999
369,cliente_369,8799999999
370,cliente_370,8799999999
371,cliente_371,8799999999
372,cliente_372,8799999999
373,cliente_373,8799999999
374,cliente_374,8799999999
375,cliente_375,8799999999
376,cliente_376,8799999999
377,cliente_377,8799999999
378,cliente_378,8799999999
379,cliente_379,8799999999
380,cliente_380,8799999999
381,cliente_381,8799999999
382,cliente_382,8799999999
383,cliente_383,8799999999
384,cliente_384,8799999999
385,cliente_385,8799999999
386,cliente_386,8799999999
387,cliente_387,8799999999
388,cliente_388,8799999999
389,cliente_389,8799999999
390,cliente_390,8799999999
391,cliente_391,8799999999
392,cliente_392,8799999999
393,cliente_393,8799999999
394,cliente_394,8799999999
395,cliente_395,
396,cliente_396,8799999999
397,cliente_397,8799999999
398,cliente_398,8799999999
399,cliente_399,8799999999
400,cliente_400,8799999999
