id_transacao,motivo
11,nao reconhece a compra
50,nao reconhece a compra
62,nao reconhece a compra
71,nao reconhece a compra
171,nao reconhece a compra
194,nao reconhece a compra
233,nao reconhece a compra
452,nao reconhece a compra
456,nao reconhece a compra
478,nao reconhece a compra
544,nao reconhece a compra
555,nao reconhece a compra
669,nao reconhece a compra
766,nao reconhece a compra
836,nao reconhece a compra
886,nao reconhece a compra
1006,nao reconhece a compra
1125,nao reconhece a compra
1158,nao reconhece a compra
1201,nao reconhece a compra
1222,nao reconhece a compra
1281,nao reconhece a compra
1288,nao reconhece a compra
1318,nao reconhece a compra
1396,nao reconhece a compra
1505,nao reconhece a compra
1522,nao reconhece a compra
1555,nao reconhece a compra
1561,nao reconhece a compra
1624,nao reconhece a compra
1673,nao reconhece a compra
1712,nao reconhece a compra
1726,nao reconhece a compra
1746,nao reconhece a compra
1815,nao reconhece a compra
1816,nao reconhece a compra
2045,nao reconhece a compra
2134,nao reconhece a compra
2253,nao reconhece a compra
2664,nao reconhece a compra
2672,nao reconhece a compra
2693,nao reconhece a compra
2695,nao reconhece a compra
2717,nao reconhece a compra
2789,nao reconhece a compra
2800,nao reconhece a compra
2849,nao reconhece a compra
2983,nao reconhece a compra
3041,nao reconhece a compra
3076,nao reconhece a compra
3263,nao reconhece a compra
3265,nao reconhece a compra
3439,nao reconhece a compra
3476,nao reconhece a compra
3599,nao reconhece a compra
3800,nao reconhece a compra
3842,nao reconhece a compra
3864,nao reconhece a compra
3875,nao reconhece a compra
3920,nao reconhece a compra
3927,nao reconhece a compra
4032,nao reconhece a compra
4051,nao reconhece a compra
4076,nao reconhece a compra
4123,nao reconhece a compra
4174,nao reconhece a compra
4199,nao reconhece a compra
4280,nao reconhece a compra
4390,nao reconhece a compra
4543,nao reconhece a compra
4616,nao reconhece a compra
4621,nao reconhece a compra
4629,nao reconhece a compra
4712,nao reconhece a compra
4776,nao reconhece a compra
4803,nao reconhece a compra
4865,nao reconhece a compra
4900,nao reconhece a compra
4909,nao reconhece a compra
4913,nao reconhece a compra
4982,nao reconhece a compra
5002,nao reconhece a compra
5065,nao reconhece a compra
5138,nao reconhece a compra
5163,nao reconhece a compra
5186,nao reconhece a compra
5305,nao reconhece a compra
5395,nao reconhece a compra
5490,nao reconhece a compra
5529,nao reconhece a compra
5605,nao reconhece a compra
5625,nao reconhece a compra
5681,nao reconhece a compra
5729,nao reconhece a compra
5753,nao reconhece a compra
5757,nao reconhece a compra
5892,nao reconhece a compra
5958,nao reconhece a compra
6126,nao reconhece a compra
6301,nao reconhece a compra
6349,nao reconhece a compra
6366,nao reconhece a compra
6367,nao reconhece a compra
6461,nao reconhece a compra
6495,nao reconhece a compra
6529,nao reconhece a compra
6591,nao reconhece a compra
6639,nao reconhece a compra
6794,nao reconhece a compra
6843,nao reconhece a compra
6845,nao reconhece a compra
6853,nao reconhece a compra
6915,nao reconhece a compra
7001,nao reconhece a compra
7002,nao reconhece a compra
7116,nao reconhece a compra
7153,nao reconhece a compra
7354,nao reconhece a compra
7424,nao reconhece a compra
7544,nao reconhece a compra
7663,nao reconhece a compra
7738,nao reconhece a compra
7820,nao reconhece a compra
7847,nao reconhece a compra
7852,nao reconhece a compra
7986,nao reconhece a compra
8028,nao reconhece a compra
8062,nao reconhece a compra
8073,nao reconhece a compra
8217,nao reconhece a compra
8238,nao reconhece a compra
8293,nao reconhece a compra
8299,nao reconhece a compra
8359,nao reconhece a compra
8451,nao reconhece a compra
8542,nao reconhece a compra
8651,nao reconhece a compra
8722,nao reconhece a compra
8805,nao reconhece a compra
8839,nao reconhece a compra
8855,nao reconhece a compra
8958,nao reconhece a compra
9023,nao reconhece a compra
9119,nao reconhece a compra
9304,nao reconhece a compra
9332,nao reconhece a compra
9415,nao reconhece a compra
9452,nao reconhece a compra
9523,nao reconhece a compra
9538,nao reconhece a compra
9554,nao reconhece a compra
9658,nao reconhece a compra
9793,nao reconhece a compra
9794,nao reconhece a compra
9828,nao reconhece a compra
9871,nao reconhece a compra
9964,nao reconhece a compra
10031,nao reconhece a compra
10045,nao reconhece a compra
10159,nao reconhece a compra
10350,nao reconhece a compra
10382,nao reconhece a compra
10420,nao reconhece a compra
10453,nao reconhece a compra
10501,nao reconhece a compra
10558,nao reconhece a compra
10562,nao reconhece a compra
10607,nao reconhece a compra
10684,nao reconhece a compra
10766,nao reconhece a compra
10790,nao reconhece a compra
10801,nao reconhece a compra
10816,nao reconhece a compra
11011,nao reconhece a compra
11012,nao reconhece a compra
11121,nao reconhece a compra
11147,nao reconhece a compra
11248,nao reconhece a compra
11293,nao reconhece a compra
11311,nao reconhece a compra
11368,nao reconhece a compra
11408,nao reconhece a compra
11468,nao reconhece a compra
11530,nao reconhece a compra
11629,nao reconhece a compra
11694,nao reconhece a compra
11696,nao reconhece a compra
11738,nao reconhece a compra
11797,nao reconhece a compra
11811,nao reconhece a compra
11815,nao reconhece a compra
11902,nao reconhece a compra
11909,nao reconhece a compra
11993,nao reconhece a compra
12090,nao reconhece a compra
12186,nao reconhece a compra
12198,nao reconhece a compra
12223,nao reconhece a compra
12332,nao reconhece a compra
12399,nao reconhece a compra
12578,nao reconhece a compra
12606,nao reconhece a compra
12623,nao reconhece a compra
12653,nao reconhece a compra
12664,nao reconhece a compra
12678,nao reconhece a compra
12775,nao reconhece a compra
12894,nao reconhece a compra
12918,nao reconhece a compra
12943,nao reconhece a compra
12975,nao reconhece a compra
12987,nao reconhece a compra
13021,nao reconhece a compra
13051,nao reconhece a compra
13106,nao reconhece a compra
13154,nao reconhece a compra
13185,nao reconhece a compra
13230,nao reconhece a compra
13287,nao reconhece a compra
13338,nao reconhece a compra
13342,nao reconhece a compra
13358,nao reconhece a compra
13374,nao reconhece a compra
13434,nao reconhece a compra
13506,nao reconhece a compra
13587,nao reconhece a compra
13608,nao reconhece a compra
13624,nao reconhece a compra
13641,nao reconhece a compra
13642,nao reconhece a compra
13753,nao reconhece a compra
13789,nao reconhece a compra
13904,nao reconhece a compra
13910,nao reconhece a compra
13960,nao reconhece a compra
13997,nao reconhece a compra
14132,nao reconhece a compra
14218,nao reconhece a compra
14243,nao reconhece a compra
14442,nao reconhece a compra
14512,nao reconhece a compra
14583,nao reconhece a compra
14805,nao reconhece a compra
14822,nao reconhece a compra
14893,nao reconhece a compra
15100,nao reconhece a compra
15209,nao reconhece a compra
15219,nao reconhece a compra
15260,nao reconhece a compra
15307,nao reconhece a compra
15314,nao reconhece a compra
15320,nao reconhece a compra
15393,nao reconhece a compra
15472,nao reconhece a compra
15533,nao reconhece a compra
15551,nao reconhece a compra
15604,nao reconhece a compra
15654,nao reconhece a compra
15691,nao reconhece a compra
15698,nao reconhece a compra
15814,nao reconhece a compra
15888,nao reconhece a compra
15939,nao reconhece a compra
15977,nao reconhece a compra
16070,nao reconhece a compra
16081,nao reconhece a compra
16104,nao reconhece a compra
16116,nao reconhece a compra
16198,nao reconhece a compra
16221,nao reconhece a compra
16253,nao reconhece a compra
16304,nao reconhece a compra
16320,nao reconhece a compra
16345,nao reconhece a compra
16346,nao reconhece a compra
16572,nao reconhece a compra
16587,nao reconhece a compra
16720,nao reconhece a compra
16738,nao reconhece a compra
16771,nao reconhece a compra
16807,nao reconhece a compra
16833,nao reconhece a compra
16935,nao reconhece a compra
17029,nao reconhece a compra
17037,nao reconhece a compra
17040,nao reconhece a compra
17182,nao reconhece a compra
17226,nao reconhece a compra
17275,nao reconhece a compra
17276,nao reconhece a compra
17411,nao reconhece a compra
17492,nao reconhece a compra
17507,nao reconhece a compra
17615,nao reconhece a compra
17723,nao reconhece a compra
17760,nao reconhece a compra
17818,nao reconhece a compra
17845,nao reconhece a compra
17852,nao reconhece a compra
17897,nao reconhece a compra
17902,nao reconhece a compra
17954,nao reconhece a compra
17959,nao reconhece a compra
17984,nao reconhece a compra
18132,nao reconhece a compra
18295,nao reconhece a compra
18312,nao reconhece a compra
18476,nao reconhece a compra
18498,nao reconhece a compra
18709,nao reconhece a compra
18711,nao reconhece a compra
18767,nao reconhece a compra
18803,nao reconhece a compra
18843,nao reconhece a compra
19058,nao reconhece a compra
19059,nao reconhece a compra
19067,nao reconhece a compra
19247,nao reconhece a compra
19280,nao reconhece a compra
19437,nao reconhece a compra
19477,nao reconhece a compra
19502,nao reconhece a compra
19524,nao reconhece a compra
19544,nao reconhece a compra
19579,nao reconhece a compra
19695,nao reconhece a compra
19714,nao reconhece a compra
19717,nao reconhece a compra
19965,nao reconhece a compra
19970,nao reconhece a compra
