id_lojista,nome,id_categoria
1,lojista_1,7
2,lojista_2,2
3,lojista_3,3
4,lojista_4,3
5,lojista_5,2
6,lojista_6,2
7,lojista_7,3
8,lojista_8,7
9,lojista_9,1
10,lojista_10,3
11,lojista_11,1
12,lojista_12,5
13,lojista_13,3
14,lojista_14,7
15,lojista_15,5
16,lojista_16,7
17,lojista_17,6
18,lojista_18,4
19,lojista_19,7
20,lojista_20,4
21,lojista_21,8
22,lojista_22,8
23,lojista_23,5
24,lojista_24,6
25,lojista_25,3
26,lojista_26,7
27,lojista_27,6
28,lojista_28,8
29,lojista_29,3
30,lojista_30,7
31,lojista_31,4
32,lojista_32,2
33,lojista_33,2
34,lojista_34,5
35,lojista_35,3
36,lojista_36,1
37,lojista_37,4
38,lojista_38,6
39,lojista_39,3
40,lojista_40,8
41,lojista_41,7
42,lojista_42,5
43,lojista_43,8
44,lojista_44,4
45,lojista_45,2
46,lojista_46,1
47,lojista_47,8
48,lojista_48,8
49,lojista_49,6
50,lojista_50,1
51,lojista_51,3
52,lojista_52,1
53,lojista_53,1
54,lojista_54,2
55,lojista_55,5
56,lojista_56,1
57,lojista_57,8
58,lojista_58,4
59,lojista_59,3
60,lojista_60,5
61,lojista_61,7
62,lojista_62,3
63,lojista_63,1
64,lojista_64,1
65,lojista_65,7
66,lojista_66,1
67,lojista_67,6
68,lojista_68,4
69,lojista_69,7
70,lojista_70,1
71,lojista_71,8
72,lojista_72,6
73,lojista_73,4
74,lojista_74,2
75,lojista_75,8
76,lojista_76,3
77,lojista_77,4
78,lojista_78,4
79,lojista_79,2
80,lojista_80,4
81,lojista_81,2
82,lojista_82,1
83,lojista_83,3
84,lojista_84,1
85,lojista_85,4
86,lojista_86,7
87,lojista_87,2
88,lojista_88,1
89,lojista_89,1
90,lojista_90,5
91,lojista_91,3
92,lojista_92,4
93,lojista_93,1
94,lojista_94,3
95,lojista_95,4
96,lojista_96,4
97,lojista_97,5
98,lojista_98,7
99,lojista_99,4
100,lojista_100,7
101,lojista_101,5
102,lojista_102,3
103,lojista_103,2
104,lojista_104,3
105,lojista_105,5
106,lojista_106,2
107,lojista_107,8
108,lojista_108,4
109,lojista_109,7
110,lojista_110,6
111,lojista_111,3
112,lojista_112,2
113,lojista_113,6
114,lojista_114,3
115,lojista_115,2
116,lojista_116,8
117,lojista_117,4
118,lojista_118,1
119,lojista_119,4
120,lojista_120,4
121,lojista_121,7
122,lojista_122,6
123,lojista_123,2
124,lojista_124,2
125,lojista_125,5
126,lojista_126,1
127,lojista_127,3
128,lojista_128,2
129,lojista_129,1
130,lojista_130,8
131,lojista_131,1
132,lojista_132,1
133,lojista_133,8
134,lojista_134,2
135,lojista_135,7
136,lojista_136,1
137,lojista_137,2
138,lojista_138,1
139,lojista_139,6
140,lojista_140,5
141,lojista_141,4
142,lojista_142,2
143,lojista_143,1
144,lojista_144,5
145,lojista_145,2
146,lojista_146,5
147,lojista_147,6
148,lojista_148,7
149,lojista_149,4
150,lojista_150,1
151,lojista_151,3
152,lojista_152,7
153,lojista_153,5
154,lojista_154,5
155,lojista_155,4
156,lojista_156,2
157,lojista_157,8
158,lojista_158,7
159,lojista_159,8
160,lojista_160,7
161,lojista_161,3
162,lojista_162,3
163,lojista_163,2
164,lojista_164,8
165,lojista_165,5
166,lojista_166,4
167,lojista_167,8
168,lojista_168,5
169,lojista_169,8
170,lojista_170,8
171,lojista_171,1
172,lojista_172,3
173,lojista_173,6
174,lojista_174,7
175,lojista_175,2
176,lojista_176,3
177,lojista_177,5
178,lojista_178,7
179,lojista_179,1
180,lojista_180,5
181,lojista_181,3
182,lojista_182,2
183,lojista_183,5
184,lojista_184,4
185,lojista_185,6
186,lojista_186,3
187,lojista_187,7
188,lojista_188,1
189,lojista_189,7
190,lojista_190,1
191,lojista_191,6
192,lojista_192,3
193,lojista_193,4
194,lojista_194,1
195,lojista_195,6
196,lojista_196,2
197,lojista_197,6
198,lojista_198,6
199,lojista_199,7
200,lojista_200,6
