serie_id,item,item_pt,unidade,categoria,categoria_original,inicio,fim,meses_publicados,meses_na_grade,meses_faltando,ativa,serie_agregada,media_12_inicio,media_12_fim,variacao_12m_pct,motivo_exclusao,vol_mensal_pct,forca_tendencia,forca_sazonalidade
APU0000701111,"Flour, white, all purpose",Farinha de trigo,lb. (453.6 gm),Padaria e grãos,Bakery and grains,2015-01-01,2026-07-01,137,139,2,True,False,0.517,0.552,6.8,,2.91,0.822,0.03
APU0000701312,"Rice, white, long grain, uncooked",Arroz branco,lb. (453.6 gm),Padaria e grãos,Bakery and grains,2015-01-01,2026-07-01,137,139,2,True,False,0.685,1.071,56.4,,2.14,0.983,0.275
APU0000701322,Spaghetti and macaroni,Macarrão,lb. (453.6 gm),Padaria e grãos,Bakery and grains,2015-01-01,2026-07-01,138,139,1,True,False,1.318,1.315,-0.2,,3.16,0.637,0.06
APU0000702111,"Bread, white, pan",Pão de forma branco,lb. (453.6 gm),Padaria e grãos,Bakery and grains,2015-01-01,2026-07-01,138,139,1,True,False,1.441,1.833,27.2,,1.67,0.986,0.0
APU0000702212,"Bread, whole wheat, pan",Pão de forma integral,lb. (453.6 gm),Padaria e grãos,Bakery and grains,2015-01-01,2026-05-01,136,137,1,True,False,1.992,2.714,36.2,,2.2,0.98,0.112
APU0000702421,"Cookies, chocolate chip",Cookies de chocolate,lb. (453.6 gm),Padaria e grãos,Bakery and grains,2015-01-01,2026-07-01,138,139,1,True,False,3.354,5.185,54.6,,2.63,0.978,0.0
APU0000703111,"Ground chuck, 100% beef",Carne moída (acém),lb. (453.6 gm),Carne bovina,Beef,2015-01-01,2026-07-01,138,139,1,True,False,4.25,6.661,56.7,,2.79,0.972,0.169
APU0000703112,"Ground beef, 100% beef",Carne moída,lb. (453.6 gm),Carne bovina,Beef,2015-01-01,2026-07-01,138,139,1,True,False,4.167,6.654,59.7,,2.16,0.981,0.102
APU0000703113,"Ground beef, lean and extra lean",Carne moída magra,lb. (453.6 gm),Carne bovina,Beef,2015-01-01,2026-07-01,138,139,1,True,False,6.1,8.313,36.3,,2.14,0.978,0.329
APU0000703212,"Chuck roast, graded and ungraded, excluding USDA Prime and Choice",Acém sem classificação,lb. (453.6 gm),Carne bovina,Beef,2015-01-01,2017-12-01,36,36,0,False,False,5.202,4.675,,descontinuada,2.88,,
APU0000703213,"Chuck roast, USDA Choice, boneless",Acém (Choice),lb. (453.6 gm),Carne bovina,Beef,2015-01-01,2026-07-01,138,139,1,True,False,5.603,9.203,64.3,,3.43,0.964,0.229
APU0000703311,"Round roast, USDA Choice, boneless",Lagarto/coxão (Choice),lb. (453.6 gm),Carne bovina,Beef,2015-01-01,2026-07-01,138,139,1,True,False,5.597,8.707,55.6,,3.22,0.972,0.434
APU0000703432,"Beef for stew, boneless",Carne para ensopado,lb. (453.6 gm),Carne bovina,Beef,2015-01-01,2026-07-01,127,139,12,True,False,5.598,8.786,56.9,,2.83,0.947,0.174
APU0000703511,"Steak, round, USDA Choice, boneless",Bife de coxão (Choice),lb. (453.6 gm),Carne bovina,Beef,2015-01-01,2026-07-01,138,139,1,True,False,6.147,9.71,58.0,,2.48,0.979,0.278
APU0000703512,"Steak, round, graded and ungraded, excluding USDA Prime and Choice",Bife de coxão sem classificação,lb. (453.6 gm),Carne bovina,Beef,2015-01-01,2026-04-01,67,136,69,False,False,6.087,8.963,,descontinuada,2.24,,
APU0000703613,"Steak, sirloin, USDA Choice, boneless",Contrafilé/alcatra (sirloin),lb. (453.6 gm),Carne bovina,Beef,2015-01-01,2026-07-01,138,139,1,True,False,8.57,14.146,65.1,,2.83,0.966,0.275
APU0000704111,"Bacon, sliced",Bacon fatiado,lb. (453.6 gm),Suínos e frios,Pork and deli,2015-01-01,2026-07-01,138,139,1,True,False,5.454,6.888,26.3,,2.7,0.909,0.159
APU0000704211,"Chops, center cut, bone-in",Bisteca suína com osso,lb. (453.6 gm),Suínos e frios,Pork and deli,2015-01-01,2026-05-01,136,137,1,True,False,4.106,4.61,12.3,,3.29,0.902,0.233
APU0000704212,"Chops, boneless",Bisteca suína sem osso,lb. (453.6 gm),Suínos e frios,Pork and deli,2015-01-01,2026-07-01,138,139,1,True,False,4.327,4.577,5.8,,2.71,0.906,0.19
APU0000704312,"Ham, boneless, excluding canned",Presunto sem osso,lb. (453.6 gm),Suínos e frios,Pork and deli,2015-01-01,2026-07-01,137,139,2,True,False,4.189,5.471,30.6,,2.45,0.984,0.482
APU0000705111,"Frankfurters, all meat or all beef",Salsicha,lb. (453.6 gm),Suínos e frios,Pork and deli,2015-10-01,2022-04-01,79,79,0,False,False,3.373,4.448,,descontinuada,4.54,,
APU0000705121,"Bologna, all beef or mixed",Mortadela,lb. (453.6 gm),Suínos e frios,Pork and deli,2015-01-01,2019-09-01,57,57,0,False,False,2.821,2.698,,descontinuada,3.07,,
APU0000706111,"Chicken, fresh, whole",Frango inteiro,lb. (453.6 gm),Aves,Poultry,2015-01-01,2026-07-01,137,139,2,True,False,1.488,2.041,37.2,,2.56,0.941,0.042
APU0000706212,"Chicken legs, bone-in",Coxa de frango,lb. (453.6 gm),Aves,Poultry,2015-01-01,2026-07-01,138,139,1,True,False,1.594,1.75,9.8,,2.57,0.958,0.23
APU0000706311,"Turkey, frozen, whole",Peru congelado,lb. (453.6 gm),Aves,Poultry,2015-01-01,2020-02-01,62,62,0,False,False,1.505,1.543,,descontinuada,4.18,,
APU0000708111,"Eggs, grade A, large",Ovos (dúzia),doz.,Ovos,Eggs,2015-01-01,2026-07-01,138,139,1,True,False,2.469,2.667,8.0,,9.39,0.864,0.142
APU0000709112,"Milk, fresh, whole, fortified",Leite integral,gal. (3.8 lit),Laticínios,Dairy and fats,2015-01-01,2026-07-01,138,139,1,True,False,3.419,4.132,20.9,,1.7,0.984,0.247
APU0000710211,American processed cheese,Queijo processado,lb. (453.6 gm),Laticínios,Dairy and fats,2015-01-01,2026-07-01,137,139,2,True,False,4.456,4.763,6.9,,1.96,0.908,0.0
APU0000710212,"Cheddar cheese, natural",Queijo cheddar,lb. (453.6 gm),Laticínios,Dairy and fats,2015-01-01,2026-07-01,138,139,1,True,False,5.379,5.899,9.7,,2.09,0.912,0.16
APU0000710411,"Ice cream, prepackaged, bulk, regular",Sorvete,1/2 gal. (1.9 lit),Laticínios,Dairy and fats,2015-01-01,2026-07-01,138,139,1,True,False,4.744,6.206,30.8,,2.31,0.97,0.292
APU0000711211,Bananas,Banana,lb. (453.6 gm),Frutas,Fruit,2015-01-01,2026-07-01,138,139,1,True,False,0.583,0.657,12.7,,1.15,0.946,0.181
APU0000711311,"Oranges, Navel",Laranja,lb. (453.6 gm),Frutas,Fruit,2015-01-01,2026-06-01,125,138,13,True,False,1.304,1.613,23.7,,4.39,0.78,0.905
APU0000711411,Grapefruit,Toranja (grapefruit),lb. (453.6 gm),Frutas,Fruit,2015-01-01,2026-07-01,96,139,43,True,False,1.091,1.604,47.0,muitos_buracos,3.54,,
APU0000711412,Lemons,Limão,lb. (453.6 gm),Frutas,Fruit,2015-01-01,2026-07-01,120,139,19,True,False,1.981,2.041,3.0,,3.33,0.396,0.422
APU0000711413,"Pears, Anjou",Pera,lb. (453.6 gm),Frutas,Fruit,2016-06-01,2019-07-01,31,38,7,False,False,1.64,1.596,,descontinuada,2.76,,
APU0000711415,"Strawberries, dry pint",Morango,12 oz. (340.2 gm),Frutas,Fruit,2015-01-01,2026-07-01,134,139,5,True,False,2.279,2.773,21.7,,11.62,0.717,0.892
APU0000711417,"Grapes, Thompson Seedless",Uva sem semente,lb. (453.6 gm),Frutas,Fruit,2015-01-01,2021-09-01,77,81,4,False,False,2.591,2.433,,descontinuada,10.95,,
APU0000712112,"Potatoes, white",Batata,lb. (453.6 gm),Hortaliças,Vegetables,2015-01-01,2026-07-01,135,139,4,True,False,0.65,0.91,40.0,,2.5,0.979,0.58
APU0000712211,"Lettuce, iceberg",Alface americana,lb. (453.6 gm),Hortaliças,Vegetables,2015-01-01,2026-07-01,98,139,41,True,False,1.162,1.797,54.6,muitos_buracos,7.65,,
APU0000712311,"Tomatoes, field grown",Tomate,lb. (453.6 gm),Hortaliças,Vegetables,2015-01-01,2026-07-01,136,139,3,True,False,1.841,2.055,11.6,,6.05,0.168,0.438
APU0000712406,"Peppers, sweet",Pimentão,lb. (453.6 gm),Hortaliças,Vegetables,2015-01-01,2020-03-01,58,63,5,False,False,2.496,2.392,,descontinuada,5.8,,
APU0000712412,Broccoli,Brócolis,lb. (453.6 gm),Hortaliças,Vegetables,2015-01-01,2020-03-01,63,63,0,False,False,1.791,1.974,,descontinuada,5.84,,
APU0000713111,"Orange juice, frozen concentrate, 12 oz. can",Suco de laranja concentrado,16 oz. (473.2 ml),Frutas,Fruit,2015-01-01,2026-07-01,138,139,1,True,False,2.71,4.832,78.3,,2.63,0.984,0.092
APU0000714221,"Corn, canned, any style, all sizes",Milho em lata,lb. (453.6 gm),Hortaliças,Vegetables,2015-01-01,2026-07-01,37,139,102,True,False,1.246,1.296,4.0,muitos_buracos,4.14,,
APU0000714233,"Beans, dried, any type, all sizes",Feijão,lb. (453.6 gm),Hortaliças,Vegetables,2015-01-01,2026-07-01,136,139,3,True,False,1.486,1.667,12.2,,1.9,0.957,0.172
APU0000715211,"Sugar, white, all sizes",Açúcar,lb. (453.6 gm),Mercearia,Pantry and snacks,2015-01-01,2026-07-01,138,139,1,True,False,0.654,1.016,55.4,,1.76,0.994,0.324
APU0000715212,"Sugar, white, 33-80 oz. pkg",Açúcar (pacote 1-2 kg),lb. (453.6 gm),Mercearia,Pantry and snacks,2015-01-01,2022-10-01,70,94,24,False,False,0.646,0.7,,descontinuada,2.49,,
APU0000716116,"Margarine, soft, tubs",Margarina,lb. (453.6 gm),Laticínios,Dairy and fats,2015-01-01,2019-10-01,58,58,0,False,False,1.933,1.624,,descontinuada,2.57,,
APU0000717311,"Coffee, 100%, ground roast, all sizes",Café moído,lb. (453.6 gm),Mercearia,Beef,2015-01-01,2026-07-01,123,139,16,True,False,4.72,9.33,97.7,,2.13,0.973,0.047
APU0000718311,Potato chips,Batata chips,16 oz.,Mercearia,Vegetables,2015-01-01,2026-07-01,138,139,1,True,False,4.408,6.743,53.0,,2.01,0.989,0.158
APU0000720111,"Malt beverages, all types, all sizes, any origin",Cerveja,16 oz. (473.2 ml),Bebidas,Drinks,2015-01-01,2026-07-01,138,139,1,True,False,1.316,1.854,40.9,,0.85,0.994,0.119
APU0000720311,"Wine, red and white table, all sizes, any origin",Vinho,1 liter (33.8 oz),Bebidas,Drinks,2015-01-01,2026-07-01,138,139,1,True,False,12.252,14.025,14.5,,1.38,0.947,0.305
APU000072511,Fuel oil #2,Óleo combustível (aquecimento),gallon (3.785 liters),Energia,Energy,2015-01-01,2026-07-01,138,139,1,True,False,2.601,4.244,63.2,,6.17,0.823,0.035
APU000072610,Electricity,Energia elétrica (kWh),KWH,Energia,Energy,2015-01-01,2026-07-01,138,139,1,True,False,0.138,0.192,39.1,,1.37,0.991,0.598
APU000072620,Utility (piped) gas,Gás encanado,therm,Energia,Energy,2015-01-01,2026-07-01,138,139,1,True,False,0.945,1.675,77.2,,2.6,0.955,0.057
APU000074714,"Gasoline, unleaded regular",Gasolina comum,gallon/3.785 liters,Energia,Energy,2015-01-01,2026-07-01,139,139,0,True,False,2.448,3.602,47.1,,5.92,0.866,0.29
APU000074715,"Gasoline, unleaded midgrade",Gasolina aditivada,gallon/3.785 liters,Energia,Energy,2015-01-01,2026-07-01,139,139,0,True,False,2.689,4.077,51.6,,5.15,0.887,0.286
APU000074716,"Gasoline, unleaded premium",Gasolina premium,gallon/3.785 liters,Energia,Energy,2015-01-01,2026-07-01,139,139,0,True,False,2.866,4.514,57.5,,4.72,0.925,0.355
APU000074717,Automotive diesel fuel,Diesel,gallon/3.785 liters,Energia,Energy,2015-01-01,2026-07-01,138,139,1,True,False,2.745,4.426,61.2,,4.77,0.909,0.117
APU00007471A,"Gasoline, all types",Gasolina (todos os tipos),gallon/3.785 liters,Energia,Energy,2015-01-01,2026-07-01,138,139,1,True,False,2.51,3.75,49.4,,5.73,0.876,0.292
APU0000FC1101,All uncooked ground beef,Carne moída (todas),lb. (453.6 gm),Carne bovina,Beef,2015-01-01,2026-07-01,138,139,1,True,True,4.628,6.883,48.7,,1.76,0.983,0.209
APU0000FC2101,All Uncooked Beef Roasts,Carnes para assar (todas),lb. (453.6 gm),Carne bovina,"Meat, broad category",2015-01-01,2026-07-01,138,139,1,True,True,5.815,9.13,57.0,,2.63,0.968,0.271
APU0000FC3101,All Uncooked Beef Steaks,Bifes bovinos (todos),lb. (453.6 gm),Carne bovina,Beef,2015-01-01,2026-07-01,138,139,1,True,True,7.752,12.591,62.4,,2.15,0.97,0.179
APU0000FC4101,All Uncooked Other Beef (Excluding Veal),Outras carnes bovinas,lb. (453.6 gm),Carne bovina,"Meat, broad category",2015-01-01,2026-07-01,137,139,2,True,True,4.661,7.959,70.8,,2.16,0.981,0.127
APU0000FD2101,All Ham (Excluding Canned Ham and Luncheon Slices),Presunto (todos),lb. (453.6 gm),Suínos e frios,"Meat, broad category",2015-01-01,2026-07-01,132,139,7,True,True,3.081,4.442,44.2,,3.09,0.989,0.838
APU0000FD3101,All Pork Chops,Bisteca suína (todas),lb. (453.6 gm),Suínos e frios,Pork and deli,2015-01-01,2026-07-01,138,139,1,True,True,3.865,4.257,10.1,,2.38,0.946,0.196
APU0000FD4101,All Other Pork (Excluding Canned Ham and Luncheon Slices),Outras carnes suínas,lb. (453.6 gm),Suínos e frios,Pork and deli,2015-01-01,2026-07-01,137,139,2,True,True,2.836,3.709,30.8,,2.13,0.984,0.317
APU0000FF1101,"Chicken breast, boneless",Peito de frango,lb. (453.6 gm),Aves,Poultry,2015-01-01,2026-07-01,138,139,1,True,False,3.41,4.167,22.2,,2.16,0.952,0.098
APU0000FJ1101,"Milk, fresh, low-fat, reduced fat, skim",Leite desnatado/semidesnatado,gal. (3.8 lit),Laticínios,Dairy and fats,2018-04-01,2026-07-01,99,100,1,True,False,2.624,3.547,35.2,,1.9,0.956,0.025
APU0000FJ4101,Yogurt,Iogurte,8 oz. (226.8 gm),Laticínios,Dairy and fats,2018-04-01,2026-07-01,99,100,1,True,False,1.067,1.538,44.1,,2.47,0.984,0.183
APU0000FL2101,"Lettuce, romaine",Alface romana,lb. (453.6 gm),Hortaliças,Vegetables,2015-01-01,2026-07-01,115,139,24,True,False,1.986,3.389,70.6,,5.25,0.367,0.134
APU0000FN1101,All soft drinks,Refrigerante (2 L),2 liters (67.6 oz),Bebidas,Drinks,2018-04-01,2026-07-01,99,100,1,True,True,1.486,2.176,46.4,,3.83,0.976,0.518
APU0000FN1102,"All soft drinks, 12 pk, 12 oz., cans",Refrigerante (lata),12 oz. (354.9 ml),Bebidas,Drinks,2018-04-01,2026-07-01,99,100,1,True,True,0.344,0.582,69.2,,3.05,0.987,0.321
APU0000FS1101,"Butter, stick",Manteiga,lb. (453.6 gm),Laticínios,Dairy and fats,2018-04-01,2026-07-01,99,100,1,True,False,4.092,4.309,5.3,,3.07,0.877,0.005
