serie_id,modelo,mape,wape,n
APU0000701111,combinado,1.846,1.84,15
APU0000701111,ets,2.184,2.177,15
APU0000701111,gradient_boosting,1.699,1.696,15
APU0000701111,ingenuo,1.213,1.215,15
APU0000701111,random_forest,1.498,1.492,15
APU0000701111,ridge,2.096,2.081,15
APU0000701111,sarima,2.243,2.237,15
APU0000701111,sazonal_ingenuo,2.038,2.033,15
APU0000701312,combinado,1.229,1.232,15
APU0000701312,ets,1.176,1.175,15
APU0000701312,gradient_boosting,1.541,1.55,15
APU0000701312,ingenuo,1.591,1.594,15
APU0000701312,random_forest,1.706,1.713,15
APU0000701312,ridge,1.409,1.407,15
APU0000701312,sarima,1.118,1.119,15
APU0000701312,sazonal_ingenuo,3.008,3.007,15
APU0000701322,combinado,3.668,3.63,15
APU0000701322,ets,3.585,3.554,15
APU0000701322,gradient_boosting,3.748,3.7,15
APU0000701322,ingenuo,3.195,3.147,15
APU0000701322,random_forest,3.616,3.564,15
APU0000701322,ridge,3.679,3.615,15
APU0000701322,sarima,3.614,3.584,15
APU0000701322,sazonal_ingenuo,4.686,4.665,15
APU0000702111,combinado,2.026,2.025,15
APU0000702111,ets,1.481,1.48,15
APU0000702111,gradient_boosting,1.999,2.0,15
APU0000702111,ingenuo,1.737,1.732,15
APU0000702111,random_forest,1.778,1.776,15
APU0000702111,ridge,2.536,2.53,15
APU0000702111,sarima,2.096,2.093,15
APU0000702111,sazonal_ingenuo,1.097,1.097,15
APU0000702212,combinado,3.413,3.395,13
APU0000702212,ets,3.059,3.043,13
APU0000702212,gradient_boosting,3.154,3.136,13
APU0000702212,ingenuo,2.675,2.671,13
APU0000702212,random_forest,2.996,2.983,13
APU0000702212,ridge,2.698,2.685,13
APU0000702212,sarima,3.667,3.648,13
APU0000702212,sazonal_ingenuo,4.823,4.804,13
APU0000702421,combinado,2.782,2.776,15
APU0000702421,ets,3.195,3.185,15
APU0000702421,gradient_boosting,2.847,2.852,15
APU0000702421,ingenuo,3.203,3.202,15
APU0000702421,random_forest,3.186,3.192,15
APU0000702421,ridge,3.652,3.654,15
APU0000702421,sarima,2.97,2.957,15
APU0000702421,sazonal_ingenuo,5.767,5.759,15
APU0000703111,combinado,3.255,3.246,15
APU0000703111,ets,3.096,3.088,15
APU0000703111,gradient_boosting,3.301,3.299,15
APU0000703111,ingenuo,3.922,3.87,15
APU0000703111,random_forest,3.108,3.096,15
APU0000703111,ridge,3.76,3.737,15
APU0000703111,sarima,3.225,3.208,15
APU0000703111,sazonal_ingenuo,2.92,2.933,15
APU0000703112,combinado,2.792,2.769,15
APU0000703112,ets,2.929,2.996,15
APU0000703112,gradient_boosting,2.766,2.744,15
APU0000703112,ingenuo,3.399,3.323,15
APU0000703112,random_forest,2.833,2.811,15
APU0000703112,ridge,3.14,3.103,15
APU0000703112,sarima,3.002,2.989,15
APU0000703112,sazonal_ingenuo,3.513,3.56,15
APU0000703113,combinado,2.819,2.807,15
APU0000703113,ets,2.453,2.441,15
APU0000703113,gradient_boosting,3.003,3.006,15
APU0000703113,ingenuo,3.608,3.579,15
APU0000703113,random_forest,2.757,2.75,15
APU0000703113,ridge,3.423,3.403,15
APU0000703113,sarima,2.755,2.732,15
APU0000703113,sazonal_ingenuo,3.051,3.052,15
APU0000703213,combinado,4.632,4.675,15
APU0000703213,ets,5.408,5.354,15
APU0000703213,gradient_boosting,4.65,4.733,15
APU0000703213,ingenuo,5.164,5.246,15
APU0000703213,random_forest,4.463,4.524,15
APU0000703213,ridge,4.812,4.898,15
APU0000703213,sarima,4.678,4.685,15
APU0000703213,sazonal_ingenuo,5.829,5.956,15
APU0000703311,combinado,3.879,3.955,15
APU0000703311,ets,4.634,4.683,15
APU0000703311,gradient_boosting,3.554,3.636,15
APU0000703311,ingenuo,4.173,4.229,15
APU0000703311,random_forest,3.378,3.451,15
APU0000703311,ridge,3.73,3.775,15
APU0000703311,sarima,4.204,4.275,15
APU0000703311,sazonal_ingenuo,3.279,3.309,15
APU0000703432,combinado,4.202,4.27,15
APU0000703432,ets,4.31,4.362,15
APU0000703432,gradient_boosting,4.447,4.545,15
APU0000703432,ingenuo,5.289,5.365,15
APU0000703432,random_forest,4.187,4.268,15
APU0000703432,ridge,4.718,4.779,15
APU0000703432,sarima,4.028,4.067,15
APU0000703432,sazonal_ingenuo,5.227,5.244,15
APU0000703511,combinado,4.077,4.071,15
APU0000703511,ets,4.778,4.782,15
APU0000703511,gradient_boosting,4.068,4.071,15
APU0000703511,ingenuo,3.661,3.68,15
APU0000703511,random_forest,3.748,3.743,15
APU0000703511,ridge,3.496,3.511,15
APU0000703511,sarima,4.243,4.235,15
APU0000703511,sazonal_ingenuo,4.157,4.154,15
APU0000703613,combinado,3.94,4.026,15
APU0000703613,ets,4.609,4.704,15
APU0000703613,gradient_boosting,3.777,3.861,15
APU0000703613,ingenuo,4.82,4.848,15
APU0000703613,random_forest,3.805,3.88,15
APU0000703613,ridge,4.972,5.037,15
APU0000703613,sarima,4.57,4.678,15
APU0000703613,sazonal_ingenuo,6.016,6.062,15
APU0000704111,combinado,2.186,2.142,15
APU0000704111,ets,2.288,2.251,15
APU0000704111,gradient_boosting,2.349,2.314,15
APU0000704111,ingenuo,2.552,2.535,15
APU0000704111,random_forest,2.522,2.478,15
APU0000704111,ridge,3.061,3.017,15
APU0000704111,sarima,2.508,2.469,15
APU0000704111,sazonal_ingenuo,2.951,2.914,15
APU0000704211,combinado,1.975,1.986,13
APU0000704211,ets,1.961,1.968,13
APU0000704211,gradient_boosting,2.029,2.045,13
APU0000704211,ingenuo,2.537,2.562,13
APU0000704211,random_forest,1.986,1.995,13
APU0000704211,ridge,1.883,1.903,13
APU0000704211,sarima,2.077,2.083,13
APU0000704211,sazonal_ingenuo,2.704,2.729,13
APU0000704212,combinado,2.391,2.371,15
APU0000704212,ets,2.444,2.436,15
APU0000704212,gradient_boosting,2.513,2.485,15
APU0000704212,ingenuo,2.811,2.797,15
APU0000704212,random_forest,2.373,2.346,15
APU0000704212,ridge,3.081,3.066,15
APU0000704212,sarima,2.497,2.482,15
APU0000704212,sazonal_ingenuo,4.388,4.335,15
APU0000704312,combinado,1.695,1.687,15
APU0000704312,ets,2.718,2.705,15
APU0000704312,gradient_boosting,1.757,1.754,15
APU0000704312,ingenuo,1.904,1.908,15
APU0000704312,random_forest,1.802,1.796,15
APU0000704312,ridge,2.188,2.185,15
APU0000704312,sarima,2.119,2.109,15
APU0000704312,sazonal_ingenuo,1.779,1.783,15
APU0000706111,combinado,1.393,1.389,15
APU0000706111,ets,1.656,1.652,15
APU0000706111,gradient_boosting,1.028,1.025,15
APU0000706111,ingenuo,0.805,0.803,15
APU0000706111,random_forest,0.707,0.703,15
APU0000706111,ridge,1.317,1.308,15
APU0000706111,sarima,1.884,1.88,15
APU0000706111,sazonal_ingenuo,1.854,1.848,15
APU0000706212,combinado,1.875,1.859,15
APU0000706212,ets,2.061,2.048,15
APU0000706212,gradient_boosting,1.749,1.731,15
APU0000706212,ingenuo,1.619,1.599,15
APU0000706212,random_forest,1.585,1.565,15
APU0000706212,ridge,2.131,2.097,15
APU0000706212,sarima,2.133,2.12,15
APU0000706212,sazonal_ingenuo,2.85,2.857,15
APU0000708111,combinado,18.015,19.47,15
APU0000708111,ets,20.443,22.042,15
APU0000708111,gradient_boosting,18.656,19.585,15
APU0000708111,ingenuo,22.246,24.129,15
APU0000708111,random_forest,21.783,22.202,15
APU0000708111,ridge,23.905,23.823,15
APU0000708111,sarima,21.134,23.031,15
APU0000708111,sazonal_ingenuo,39.016,36.573,15
APU0000709112,combinado,2.161,2.178,15
APU0000709112,ets,2.803,2.806,15
APU0000709112,gradient_boosting,1.853,1.875,15
APU0000709112,ingenuo,2.272,2.301,15
APU0000709112,random_forest,2.112,2.136,15
APU0000709112,ridge,1.731,1.742,15
APU0000709112,sarima,2.486,2.497,15
APU0000709112,sazonal_ingenuo,2.725,2.727,15
APU0000710211,combinado,2.334,2.306,15
APU0000710211,ets,2.384,2.365,15
APU0000710211,gradient_boosting,2.437,2.408,15
APU0000710211,ingenuo,2.135,2.112,15
APU0000710211,random_forest,2.355,2.324,15
APU0000710211,ridge,2.611,2.565,15
APU0000710211,sarima,2.239,2.21,15
APU0000710211,sazonal_ingenuo,2.735,2.695,15
APU0000710212,combinado,3.463,3.441,15
APU0000710212,ets,3.487,3.473,15
APU0000710212,gradient_boosting,3.354,3.329,15
APU0000710212,ingenuo,3.736,3.715,15
APU0000710212,random_forest,3.214,3.192,15
APU0000710212,ridge,3.742,3.723,15
APU0000710212,sarima,3.589,3.57,15
APU0000710212,sazonal_ingenuo,4.909,4.863,15
APU0000710411,combinado,3.011,2.95,15
APU0000710411,ets,2.681,2.654,15
APU0000710411,gradient_boosting,3.034,2.976,15
APU0000710411,ingenuo,2.729,2.687,15
APU0000710411,random_forest,2.911,2.851,15
APU0000710411,ridge,3.439,3.371,15
APU0000710411,sarima,3.126,3.063,15
APU0000710411,sazonal_ingenuo,5.333,5.284,15
APU0000711211,combinado,2.169,2.176,15
APU0000711211,ets,2.563,2.575,15
APU0000711211,gradient_boosting,1.948,1.952,15
APU0000711211,ingenuo,1.941,1.941,15
APU0000711211,random_forest,2.091,2.095,15
APU0000711211,ridge,2.944,2.953,15
APU0000711211,sarima,2.38,2.391,15
APU0000711211,sazonal_ingenuo,3.418,3.423,15
APU0000711311,combinado,2.709,2.712,11
APU0000711311,ets,1.744,1.73,11
APU0000711311,gradient_boosting,3.149,3.166,11
APU0000711311,ingenuo,6.404,6.591,11
APU0000711311,random_forest,4.101,4.2,11
APU0000711311,ridge,5.311,5.442,11
APU0000711311,sarima,2.278,2.264,11
APU0000711311,sazonal_ingenuo,2.09,2.109,11
APU0000711412,combinado,6.378,6.399,15
APU0000711412,ets,4.513,4.469,15
APU0000711412,gradient_boosting,5.984,5.988,15
APU0000711412,ingenuo,5.479,5.477,15
APU0000711412,random_forest,5.599,5.583,15
APU0000711412,ridge,5.341,5.338,15
APU0000711412,sarima,6.762,6.8,15
APU0000711412,sazonal_ingenuo,6.461,6.532,15
APU0000711415,combinado,4.76,4.801,13
APU0000711415,ets,4.854,4.749,13
APU0000711415,gradient_boosting,5.233,5.343,13
APU0000711415,ingenuo,18.875,19.34,13
APU0000711415,random_forest,10.227,10.618,13
APU0000711415,ridge,9.694,10.125,13
APU0000711415,sarima,4.502,4.469,13
APU0000711415,sazonal_ingenuo,7.732,7.601,13
APU0000712112,combinado,3.033,2.919,13
APU0000712112,ets,3.028,2.944,13
APU0000712112,gradient_boosting,3.085,2.96,13
APU0000712112,ingenuo,4.133,4.029,13
APU0000712112,random_forest,3.594,3.478,13
APU0000712112,ridge,3.246,3.116,13
APU0000712112,sarima,3.08,2.976,13
APU0000712112,sazonal_ingenuo,2.898,2.82,13
APU0000712311,combinado,10.137,11.286,15
APU0000712311,ets,12.656,14.118,15
APU0000712311,gradient_boosting,10.347,11.423,15
APU0000712311,ingenuo,12.592,13.575,15
APU0000712311,random_forest,10.68,11.591,15
APU0000712311,ridge,11.605,12.697,15
APU0000712311,sarima,10.337,11.537,15
APU0000712311,sazonal_ingenuo,13.765,15.123,15
APU0000713111,combinado,2.4,2.393,15
APU0000713111,ets,3.051,3.038,15
APU0000713111,gradient_boosting,2.31,2.317,15
APU0000713111,ingenuo,2.229,2.219,15
APU0000713111,random_forest,1.811,1.813,15
APU0000713111,ridge,2.337,2.327,15
APU0000713111,sarima,3.091,3.086,15
APU0000713111,sazonal_ingenuo,3.375,3.353,15
APU0000714233,combinado,3.185,3.15,15
APU0000714233,ets,2.733,2.703,15
APU0000714233,gradient_boosting,3.277,3.242,15
APU0000714233,ingenuo,2.691,2.659,15
APU0000714233,random_forest,2.842,2.808,15
APU0000714233,ridge,3.598,3.568,15
APU0000714233,sarima,3.36,3.331,15
APU0000714233,sazonal_ingenuo,3.874,3.85,15
APU0000715211,combinado,1.685,1.675,15
APU0000715211,ets,1.949,1.949,15
APU0000715211,gradient_boosting,1.604,1.591,15
APU0000715211,ingenuo,2.491,2.484,15
APU0000715211,random_forest,1.94,1.929,15
APU0000715211,ridge,2.166,2.145,15
APU0000715211,sarima,1.858,1.851,15
APU0000715211,sazonal_ingenuo,2.068,2.06,15
APU0000717311,combinado,5.878,5.745,15
APU0000717311,ets,4.753,4.737,15
APU0000717311,gradient_boosting,6.649,6.543,15
APU0000717311,ingenuo,5.879,5.707,15
APU0000717311,random_forest,5.836,5.669,15
APU0000717311,ridge,7.14,6.976,15
APU0000717311,sarima,5.342,5.199,15
APU0000717311,sazonal_ingenuo,7.344,7.283,15
APU0000718311,combinado,2.014,2.005,15
APU0000718311,ets,2.268,2.267,15
APU0000718311,gradient_boosting,1.868,1.857,15
APU0000718311,ingenuo,2.215,2.21,15
APU0000718311,random_forest,1.863,1.855,15
APU0000718311,ridge,2.161,2.142,15
APU0000718311,sarima,2.243,2.237,15
APU0000718311,sazonal_ingenuo,3.324,3.318,15
APU0000720111,combinado,0.572,0.571,15
APU0000720111,ets,0.643,0.647,15
APU0000720111,gradient_boosting,0.8,0.798,15
APU0000720111,ingenuo,0.794,0.798,15
APU0000720111,random_forest,0.606,0.607,15
APU0000720111,ridge,0.884,0.885,15
APU0000720111,sarima,0.649,0.65,15
APU0000720111,sazonal_ingenuo,0.658,0.661,15
APU0000720311,combinado,1.838,1.828,15
APU0000720311,ets,1.609,1.602,15
APU0000720311,gradient_boosting,2.065,2.056,15
APU0000720311,ingenuo,1.319,1.313,15
APU0000720311,random_forest,1.733,1.723,15
APU0000720311,ridge,2.261,2.242,15
APU0000720311,sarima,1.677,1.668,15
APU0000720311,sazonal_ingenuo,1.904,1.894,15
APU000072511,combinado,9.783,11.072,15
APU000072511,ets,11.083,12.585,15
APU000072511,gradient_boosting,9.841,10.992,15
APU000072511,ingenuo,10.273,11.589,15
APU000072511,random_forest,9.507,10.699,15
APU000072511,ridge,9.51,10.85,15
APU000072511,sarima,10.718,12.236,15
APU000072511,sazonal_ingenuo,10.908,12.423,15
APU000072610,combinado,1.473,1.477,15
APU000072610,ets,1.573,1.583,15
APU000072610,gradient_boosting,1.647,1.653,15
APU000072610,ingenuo,2.101,2.11,15
APU000072610,random_forest,1.751,1.759,15
APU000072610,ridge,2.219,2.251,15
APU000072610,sarima,1.54,1.548,15
APU000072610,sazonal_ingenuo,1.398,1.407,15
APU000072620,combinado,2.984,2.987,15
APU000072620,ets,3.338,3.32,15
APU000072620,gradient_boosting,2.974,2.999,15
APU000072620,ingenuo,2.621,2.629,15
APU000072620,random_forest,2.574,2.581,15
APU000072620,ridge,3.543,3.557,15
APU000072620,sarima,3.135,3.115,15
APU000072620,sazonal_ingenuo,4.397,4.371,15
APU000074714,combinado,7.066,7.937,17
APU000074714,ets,7.201,8.024,17
APU000074714,gradient_boosting,7.96,8.996,17
APU000074714,ingenuo,8.119,9.147,17
APU000074714,random_forest,7.637,8.708,17
APU000074714,ridge,8.117,8.947,17
APU000074714,sarima,7.593,8.373,17
APU000074714,sazonal_ingenuo,10.016,10.819,17
APU000074715,combinado,6.163,6.858,17
APU000074715,ets,6.276,6.919,17
APU000074715,gradient_boosting,6.735,7.529,17
APU000074715,ingenuo,7.036,7.859,17
APU000074715,random_forest,6.722,7.569,17
APU000074715,ridge,7.113,7.777,17
APU000074715,sarima,6.529,7.114,17
APU000074715,sazonal_ingenuo,8.658,9.302,17
APU000074716,combinado,5.78,6.376,17
APU000074716,ets,5.764,6.323,17
APU000074716,gradient_boosting,6.219,6.915,17
APU000074716,ingenuo,6.64,7.357,17
APU000074716,random_forest,6.339,7.072,17
APU000074716,ridge,6.606,7.186,17
APU000074716,sarima,6.044,6.554,17
APU000074716,sazonal_ingenuo,7.999,8.556,17
APU000074717,combinado,9.296,10.982,15
APU000074717,ets,18.741,21.88,15
APU000074717,gradient_boosting,9.996,11.933,15
APU000074717,ingenuo,9.762,11.721,15
APU000074717,random_forest,9.762,11.713,15
APU000074717,ridge,9.974,11.776,15
APU000074717,sarima,11.547,13.608,15
APU000074717,sazonal_ingenuo,12.224,14.064,15
APU00007471A,combinado,7.271,8.164,15
APU00007471A,ets,7.522,8.302,15
APU00007471A,gradient_boosting,8.112,9.137,15
APU00007471A,ingenuo,8.192,9.243,15
APU00007471A,random_forest,7.759,8.84,15
APU00007471A,ridge,8.135,8.984,15
APU00007471A,sarima,7.809,8.538,15
APU00007471A,sazonal_ingenuo,9.966,10.762,15
APU0000FC1101,combinado,2.421,2.397,15
APU0000FC1101,ets,2.336,2.317,15
APU0000FC1101,gradient_boosting,2.514,2.503,15
APU0000FC1101,ingenuo,3.352,3.3,15
APU0000FC1101,random_forest,2.297,2.273,15
APU0000FC1101,ridge,2.759,2.728,15
APU0000FC1101,sarima,2.369,2.333,15
APU0000FC1101,sazonal_ingenuo,2.397,2.389,15
APU0000FC2101,combinado,3.711,3.746,15
APU0000FC2101,ets,4.787,4.775,15
APU0000FC2101,gradient_boosting,3.749,3.804,15
APU0000FC2101,ingenuo,4.223,4.268,15
APU0000FC2101,random_forest,3.461,3.497,15
APU0000FC2101,ridge,3.878,3.919,15
APU0000FC2101,sarima,3.78,3.802,15
APU0000FC2101,sazonal_ingenuo,4.188,4.248,15
APU0000FC3101,combinado,2.907,2.935,15
APU0000FC3101,ets,3.64,3.678,15
APU0000FC3101,gradient_boosting,2.765,2.789,15
APU0000FC3101,ingenuo,3.251,3.234,15
APU0000FC3101,random_forest,2.616,2.633,15
APU0000FC3101,ridge,2.969,2.996,15
APU0000FC3101,sarima,3.614,3.65,15
APU0000FC3101,sazonal_ingenuo,3.485,3.507,15
APU0000FC4101,combinado,3.318,3.346,15
APU0000FC4101,ets,3.478,3.454,15
APU0000FC4101,gradient_boosting,3.498,3.548,15
APU0000FC4101,ingenuo,4.144,4.145,15
APU0000FC4101,random_forest,3.445,3.498,15
APU0000FC4101,ridge,3.1,3.131,15
APU0000FC4101,sarima,3.133,3.138,15
APU0000FC4101,sazonal_ingenuo,4.034,4.082,15
APU0000FD2101,combinado,1.471,1.463,15
APU0000FD2101,ets,1.628,1.624,15
APU0000FD2101,gradient_boosting,1.779,1.772,15
APU0000FD2101,ingenuo,2.196,2.197,15
APU0000FD2101,random_forest,1.725,1.717,15
APU0000FD2101,ridge,1.953,1.944,15
APU0000FD2101,sarima,1.88,1.878,15
APU0000FD2101,sazonal_ingenuo,1.672,1.668,15
APU0000FD3101,combinado,2.223,2.212,15
APU0000FD3101,ets,2.216,2.204,15
APU0000FD3101,gradient_boosting,2.215,2.205,15
APU0000FD3101,ingenuo,2.276,2.276,15
APU0000FD3101,random_forest,2.254,2.24,15
APU0000FD3101,ridge,2.545,2.534,15
APU0000FD3101,sarima,2.265,2.254,15
APU0000FD3101,sazonal_ingenuo,3.592,3.579,15
APU0000FD4101,combinado,2.801,2.796,15
APU0000FD4101,ets,3.05,3.048,15
APU0000FD4101,gradient_boosting,2.74,2.739,15
APU0000FD4101,ingenuo,2.818,2.818,15
APU0000FD4101,random_forest,2.802,2.798,15
APU0000FD4101,ridge,2.684,2.681,15
APU0000FD4101,sarima,2.876,2.869,15
APU0000FD4101,sazonal_ingenuo,2.947,2.952,15
APU0000FF1101,combinado,1.127,1.126,15
APU0000FF1101,ets,1.143,1.142,15
APU0000FF1101,gradient_boosting,1.132,1.133,15
APU0000FF1101,ingenuo,1.182,1.184,15
APU0000FF1101,random_forest,1.03,1.031,15
APU0000FF1101,ridge,1.59,1.591,15
APU0000FF1101,sarima,1.153,1.152,15
APU0000FF1101,sazonal_ingenuo,2.678,2.681,15
APU0000FJ1101,combinado,4.51,4.475,15
APU0000FJ1101,ets,5.313,5.267,15
APU0000FJ1101,gradient_boosting,4.519,4.496,15
APU0000FJ1101,ingenuo,4.114,4.098,15
APU0000FJ1101,random_forest,4.528,4.486,15
APU0000FJ1101,ridge,4.103,4.069,15
APU0000FJ1101,sarima,4.788,4.74,15
APU0000FJ1101,sazonal_ingenuo,6.298,6.299,15
APU0000FJ4101,combinado,2.526,2.505,15
APU0000FJ4101,ets,2.485,2.484,15
APU0000FJ4101,gradient_boosting,2.68,2.662,15
APU0000FJ4101,ingenuo,2.805,2.801,15
APU0000FJ4101,random_forest,2.502,2.484,15
APU0000FJ4101,ridge,2.645,2.627,15
APU0000FJ4101,sarima,2.779,2.757,15
APU0000FJ4101,sazonal_ingenuo,4.295,4.281,15
APU0000FL2101,combinado,2.031,2.049,5
APU0000FL2101,ets,3.559,3.577,5
APU0000FL2101,gradient_boosting,1.765,1.778,5
APU0000FL2101,ingenuo,2.534,2.542,5
APU0000FL2101,random_forest,1.866,1.873,5
APU0000FL2101,ridge,1.556,1.569,5
APU0000FL2101,sarima,2.821,2.84,5
APU0000FL2101,sazonal_ingenuo,4.424,4.415,5
APU0000FN1101,combinado,3.289,3.269,15
APU0000FN1101,ets,3.415,3.373,15
APU0000FN1101,gradient_boosting,4.254,4.246,15
APU0000FN1101,ingenuo,4.694,4.624,15
APU0000FN1101,random_forest,4.03,4.015,15
APU0000FN1101,ridge,4.667,4.624,15
APU0000FN1101,sarima,2.505,2.473,15
APU0000FN1101,sazonal_ingenuo,4.992,5.011,15
APU0000FN1102,combinado,2.943,2.962,15
APU0000FN1102,ets,2.912,2.95,15
APU0000FN1102,gradient_boosting,3.245,3.273,15
APU0000FN1102,ingenuo,3.426,3.446,15
APU0000FN1102,random_forest,3.193,3.215,15
APU0000FN1102,ridge,2.956,2.973,15
APU0000FN1102,sarima,2.665,2.674,15
APU0000FN1102,sazonal_ingenuo,2.596,2.616,15
APU0000FS1101,combinado,5.271,5.016,15
APU0000FS1101,ets,4.201,4.122,15
APU0000FS1101,gradient_boosting,5.391,5.11,15
APU0000FS1101,ingenuo,4.612,4.364,15
APU0000FS1101,random_forest,5.359,5.059,15
APU0000FS1101,ridge,6.114,5.753,15
APU0000FS1101,sarima,5.323,5.107,15
APU0000FS1101,sazonal_ingenuo,5.78,5.61,15
