corte,modelo,mae_usd,mape,wape,vies_pct,ganho_vs_ingenuo_pct,series_melhor_que_ingenuo_pct,data_execucao
2021-12-01,combinado,0.201,5.004,4.788,-1.538,3.721,59.322,2026-09-27T22:11:01
2021-12-01,ets,0.23,5.595,5.486,-1.476,-10.305,47.458,2026-09-27T22:11:01
2021-12-01,gradient_boosting,0.202,5.103,4.817,-1.377,3.138,61.017,2026-09-27T22:11:01
2021-12-01,ingenuo,0.209,5.511,4.973,-2.276,0.0,,2026-09-27T22:11:01
2021-12-01,random_forest,0.209,5.182,4.976,-1.746,-0.054,71.186,2026-09-27T22:11:01
2021-12-01,ridge,0.222,5.412,5.284,-1.514,-6.243,59.322,2026-09-27T22:11:01
2021-12-01,sarima,0.221,5.407,5.263,-1.644,-5.827,47.458,2026-09-27T22:11:01
2021-12-01,sazonal_ingenuo,0.267,6.253,6.366,0.561,-28.007,38.983,2026-09-27T22:11:01
2022-12-01,combinado,0.155,3.978,3.746,0.981,4.022,61.667,2026-09-27T22:11:01
2022-12-01,ets,0.17,4.328,4.112,0.636,-5.347,48.333,2026-09-27T22:11:01
2022-12-01,gradient_boosting,0.159,4.229,3.848,0.719,1.427,41.667,2026-09-27T22:11:01
2022-12-01,ingenuo,0.162,4.28,3.903,0.159,0.0,,2026-09-27T22:11:01
2022-12-01,random_forest,0.159,4.168,3.84,0.979,1.614,50.0,2026-09-27T22:11:01
2022-12-01,ridge,0.172,4.363,4.145,0.981,-6.186,38.333,2026-09-27T22:11:01
2022-12-01,sarima,0.164,4.173,3.964,1.289,-1.548,60.0,2026-09-27T22:11:01
2022-12-01,sazonal_ingenuo,0.254,6.764,6.14,3.069,-57.297,15.0,2026-09-27T22:11:01
2023-12-01,combinado,0.12,2.964,2.809,0.2,11.059,66.667,2026-09-27T22:11:01
2023-12-01,ets,0.135,3.173,3.163,-0.166,-0.125,51.667,2026-09-27T22:11:01
2023-12-01,gradient_boosting,0.122,3.162,2.869,0.005,9.159,61.667,2026-09-27T22:11:01
2023-12-01,ingenuo,0.134,3.513,3.159,-0.495,0.0,,2026-09-27T22:11:01
2023-12-01,random_forest,0.126,3.258,2.964,-0.017,6.152,65.0,2026-09-27T22:11:01
2023-12-01,ridge,0.131,3.397,3.079,0.017,2.515,61.667,2026-09-27T22:11:01
2023-12-01,sarima,0.135,3.261,3.173,0.423,-0.464,56.667,2026-09-27T22:11:01
2023-12-01,sazonal_ingenuo,0.183,4.551,4.291,-0.333,-35.853,18.333,2026-09-27T22:11:01
2024-12-01,combinado,0.178,3.747,3.859,-0.3,11.825,70.0,2026-09-27T22:11:01
2024-12-01,ets,0.197,4.104,4.274,-0.022,2.345,58.333,2026-09-27T22:11:01
2024-12-01,gradient_boosting,0.183,3.873,3.971,-0.605,9.28,66.667,2026-09-27T22:11:01
2024-12-01,ingenuo,0.202,4.346,4.377,-0.956,0.0,,2026-09-27T22:11:01
2024-12-01,random_forest,0.181,3.91,3.919,-0.475,10.462,76.667,2026-09-27T22:11:01
2024-12-01,ridge,0.199,4.289,4.32,-0.159,1.295,56.667,2026-09-27T22:11:01
2024-12-01,sarima,0.19,3.996,4.117,0.04,5.952,56.667,2026-09-27T22:11:01
2024-12-01,sazonal_ingenuo,0.234,5.127,5.074,-0.188,-15.922,28.333,2026-09-27T22:11:01
