serie_id,mes,desvio_sazonal_pct
APU0000701111,1,-0.02
APU0000701111,2,-0.15
APU0000701111,3,0.29
APU0000701111,4,0.26
APU0000701111,5,1.02
APU0000701111,6,0.05
APU0000701111,7,1.09
APU0000701111,8,1.46
APU0000701111,9,1.53
APU0000701111,10,-0.02
APU0000701111,11,-3.13
APU0000701111,12,-2.91
APU0000701312,1,-1.23
APU0000701312,2,-0.93
APU0000701312,3,-0.79
APU0000701312,4,-0.59
APU0000701312,5,1.04
APU0000701312,6,1.33
APU0000701312,7,1.57
APU0000701312,8,1.25
APU0000701312,9,0.66
APU0000701312,10,-0.61
APU0000701312,11,0.49
APU0000701312,12,-0.74
APU0000701322,1,0.38
APU0000701322,2,0.7
APU0000701322,3,1.33
APU0000701322,4,0.52
APU0000701322,5,0.83
APU0000701322,6,-0.29
APU0000701322,7,0.25
APU0000701322,8,0.47
APU0000701322,9,-1.56
APU0000701322,10,-2.21
APU0000701322,11,-0.95
APU0000701322,12,-0.92
APU0000702111,1,0.36
APU0000702111,2,0.25
APU0000702111,3,0.02
APU0000702111,4,0.3
APU0000702111,5,-0.48
APU0000702111,6,-0.35
APU0000702111,7,-0.09
APU0000702111,8,-0.4
APU0000702111,9,0.34
APU0000702111,10,0.0
APU0000702111,11,-0.17
APU0000702111,12,0.65
APU0000702212,1,0.15
APU0000702212,2,-0.19
APU0000702212,3,-0.39
APU0000702212,4,0.54
APU0000702212,5,-0.19
APU0000702212,6,-0.4
APU0000702212,7,-0.09
APU0000702212,8,-0.63
APU0000702212,9,0.1
APU0000702212,10,1.15
APU0000702212,11,0.63
APU0000702212,12,-0.06
APU0000702421,1,0.09
APU0000702421,2,0.1
APU0000702421,3,-0.22
APU0000702421,4,-0.15
APU0000702421,5,0.3
APU0000702421,6,0.88
APU0000702421,7,0.16
APU0000702421,8,-0.58
APU0000702421,9,0.17
APU0000702421,10,0.29
APU0000702421,11,0.75
APU0000702421,12,-0.08
APU0000703111,1,-2.02
APU0000703111,2,-2.12
APU0000703111,3,-1.05
APU0000703111,4,-0.36
APU0000703111,5,1.07
APU0000703111,6,2.98
APU0000703111,7,2.31
APU0000703111,8,2.03
APU0000703111,9,-0.07
APU0000703111,10,-0.12
APU0000703111,11,-0.49
APU0000703111,12,-1.63
APU0000703112,1,-1.41
APU0000703112,2,-1.49
APU0000703112,3,-1.28
APU0000703112,4,-0.73
APU0000703112,5,-0.14
APU0000703112,6,2.3
APU0000703112,7,1.38
APU0000703112,8,1.2
APU0000703112,9,0.63
APU0000703112,10,0.54
APU0000703112,11,0.51
APU0000703112,12,-0.5
APU0000703113,1,-1.53
APU0000703113,2,-2.0
APU0000703113,3,-1.38
APU0000703113,4,-0.02
APU0000703113,5,1.08
APU0000703113,6,1.32
APU0000703113,7,2.06
APU0000703113,8,1.24
APU0000703113,9,1.26
APU0000703113,10,0.74
APU0000703113,11,-1.05
APU0000703113,12,-1.02
APU0000703212,1,-4.76
APU0000703212,2,-4.69
APU0000703212,3,-1.69
APU0000703212,4,-1.09
APU0000703212,5,2.87
APU0000703212,6,3.46
APU0000703212,7,2.87
APU0000703212,8,0.7
APU0000703212,9,0.67
APU0000703212,10,0.74
APU0000703212,11,-0.83
APU0000703212,12,-5.07
APU0000703213,1,-3.51
APU0000703213,2,-1.62
APU0000703213,3,-1.29
APU0000703213,4,-1.51
APU0000703213,5,2.01
APU0000703213,6,2.65
APU0000703213,7,2.2
APU0000703213,8,0.96
APU0000703213,9,1.0
APU0000703213,10,-0.56
APU0000703213,11,0.83
APU0000703213,12,-0.55
APU0000703311,1,-2.53
APU0000703311,2,-1.4
APU0000703311,3,-0.32
APU0000703311,4,0.17
APU0000703311,5,3.25
APU0000703311,6,3.05
APU0000703311,7,1.81
APU0000703311,8,0.66
APU0000703311,9,0.68
APU0000703311,10,-1.41
APU0000703311,11,-0.87
APU0000703311,12,-1.8
APU0000703432,1,-2.0
APU0000703432,2,-1.94
APU0000703432,3,-1.72
APU0000703432,4,-0.87
APU0000703432,5,0.58
APU0000703432,6,2.61
APU0000703432,7,1.54
APU0000703432,8,1.11
APU0000703432,9,0.36
APU0000703432,10,0.12
APU0000703432,11,0.3
APU0000703432,12,0.36
APU0000703511,1,-0.85
APU0000703511,2,-0.39
APU0000703511,3,-1.29
APU0000703511,4,-0.11
APU0000703511,5,1.56
APU0000703511,6,1.99
APU0000703511,7,0.86
APU0000703511,8,0.22
APU0000703511,9,0.88
APU0000703511,10,0.15
APU0000703511,11,-0.37
APU0000703511,12,-0.96
APU0000703512,1,-2.34
APU0000703512,2,-2.7
APU0000703512,3,-0.99
APU0000703512,4,0.26
APU0000703512,5,1.48
APU0000703512,6,0.72
APU0000703512,7,1.89
APU0000703512,8,2.11
APU0000703512,9,1.64
APU0000703512,10,1.54
APU0000703512,11,0.18
APU0000703512,12,-1.67
APU0000703613,1,-1.6
APU0000703613,2,-1.66
APU0000703613,3,-1.97
APU0000703613,4,-0.33
APU0000703613,5,0.38
APU0000703613,6,2.98
APU0000703613,7,2.3
APU0000703613,8,1.09
APU0000703613,9,1.34
APU0000703613,10,0.67
APU0000703613,11,-0.62
APU0000703613,12,-1.39
APU0000704111,1,-0.75
APU0000704111,2,-2.36
APU0000704111,3,-1.57
APU0000704111,4,-0.74
APU0000704111,5,-0.58
APU0000704111,6,-0.06
APU0000704111,7,0.14
APU0000704111,8,1.33
APU0000704111,9,3.17
APU0000704111,10,2.94
APU0000704111,11,0.29
APU0000704111,12,-0.73
APU0000704211,1,-2.33
APU0000704211,2,-1.87
APU0000704211,3,-1.36
APU0000704211,4,0.13
APU0000704211,5,1.21
APU0000704211,6,1.84
APU0000704211,7,1.09
APU0000704211,8,1.1
APU0000704211,9,0.68
APU0000704211,10,-0.27
APU0000704211,11,-0.58
APU0000704211,12,0.22
APU0000704212,1,-2.54
APU0000704212,2,-1.88
APU0000704212,3,-1.3
APU0000704212,4,-0.22
APU0000704212,5,0.92
APU0000704212,6,1.73
APU0000704212,7,1.72
APU0000704212,8,1.97
APU0000704212,9,0.68
APU0000704212,10,0.26
APU0000704212,11,-0.42
APU0000704212,12,-1.0
APU0000704312,1,-2.14
APU0000704312,2,-0.14
APU0000704312,3,0.69
APU0000704312,4,-0.62
APU0000704312,5,0.47
APU0000704312,6,1.56
APU0000704312,7,1.05
APU0000704312,8,1.11
APU0000704312,9,1.43
APU0000704312,10,1.42
APU0000704312,11,-1.07
APU0000704312,12,-2.92
APU0000705111,1,1.13
APU0000705111,2,1.48
APU0000705111,3,3.04
APU0000705111,4,2.82
APU0000705111,5,-3.77
APU0000705111,6,-4.66
APU0000705111,7,-3.78
APU0000705111,8,-4.23
APU0000705111,9,-2.4
APU0000705111,10,0.37
APU0000705111,11,2.25
APU0000705111,12,3.19
APU0000705121,1,-3.12
APU0000705121,2,-2.51
APU0000705121,3,-0.42
APU0000705121,4,-2.76
APU0000705121,5,1.21
APU0000705121,6,0.96
APU0000705121,7,0.18
APU0000705121,8,1.14
APU0000705121,9,0.71
APU0000705121,10,1.58
APU0000705121,11,-0.65
APU0000705121,12,-0.54
APU0000706111,1,-0.93
APU0000706111,2,-0.93
APU0000706111,3,-0.82
APU0000706111,4,0.18
APU0000706111,5,1.46
APU0000706111,6,2.01
APU0000706111,7,1.09
APU0000706111,8,-0.01
APU0000706111,9,-0.78
APU0000706111,10,-0.42
APU0000706111,11,0.22
APU0000706111,12,-0.69
APU0000706212,1,-2.0
APU0000706212,2,-2.14
APU0000706212,3,-1.06
APU0000706212,4,1.0
APU0000706212,5,0.28
APU0000706212,6,0.54
APU0000706212,7,-0.01
APU0000706212,8,1.91
APU0000706212,9,1.03
APU0000706212,10,0.97
APU0000706212,11,0.34
APU0000706212,12,-0.76
APU0000706311,1,-3.25
APU0000706311,2,-2.74
APU0000706311,3,-0.42
APU0000706311,4,-1.27
APU0000706311,5,-0.26
APU0000706311,6,0.54
APU0000706311,7,2.97
APU0000706311,8,3.07
APU0000706311,9,3.89
APU0000706311,10,5.41
APU0000706311,11,-4.1
APU0000706311,12,-4.9
APU0000708111,1,4.49
APU0000708111,2,6.12
APU0000708111,3,5.61
APU0000708111,4,6.63
APU0000708111,5,0.13
APU0000708111,6,-9.63
APU0000708111,7,-7.22
APU0000708111,8,-6.62
APU0000708111,9,-3.22
APU0000708111,10,-4.33
APU0000708111,11,-4.74
APU0000708111,12,2.59
APU0000709112,1,0.39
APU0000709112,2,-0.73
APU0000709112,3,-0.73
APU0000709112,4,-0.53
APU0000709112,5,-0.51
APU0000709112,6,-0.61
APU0000709112,7,-0.34
APU0000709112,8,0.1
APU0000709112,9,0.69
APU0000709112,10,0.41
APU0000709112,11,0.62
APU0000709112,12,0.95
APU0000710211,1,-0.11
APU0000710211,2,-0.8
APU0000710211,3,-0.28
APU0000710211,4,-0.03
APU0000710211,5,0.41
APU0000710211,6,0.46
APU0000710211,7,-0.2
APU0000710211,8,0.09
APU0000710211,9,0.96
APU0000710211,10,0.06
APU0000710211,11,-0.3
APU0000710211,12,-0.36
APU0000710212,1,-0.03
APU0000710212,2,-0.15
APU0000710212,3,-0.39
APU0000710212,4,-0.5
APU0000710212,5,-0.12
APU0000710212,6,-0.04
APU0000710212,7,0.2
APU0000710212,8,0.93
APU0000710212,9,0.91
APU0000710212,10,1.07
APU0000710212,11,-0.77
APU0000710212,12,-1.04
APU0000710411,1,1.16
APU0000710411,2,0.47
APU0000710411,3,0.13
APU0000710411,4,0.55
APU0000710411,5,-0.58
APU0000710411,6,0.02
APU0000710411,7,-0.95
APU0000710411,8,0.04
APU0000710411,9,0.5
APU0000710411,10,0.58
APU0000710411,11,-0.61
APU0000710411,12,-0.52
APU0000711211,1,0.2
APU0000711211,2,0.05
APU0000711211,3,0.84
APU0000711211,4,0.54
APU0000711211,5,0.66
APU0000711211,6,0.43
APU0000711211,7,-0.14
APU0000711211,8,-0.32
APU0000711211,9,-0.42
APU0000711211,10,-0.51
APU0000711211,11,-0.36
APU0000711211,12,-0.37
APU0000711311,1,-5.26
APU0000711311,2,-5.41
APU0000711311,3,-6.5
APU0000711311,4,-7.08
APU0000711311,5,-4.52
APU0000711311,6,-1.49
APU0000711311,7,4.33
APU0000711311,8,8.01
APU0000711311,9,8.3
APU0000711311,10,9.97
APU0000711311,11,3.72
APU0000711311,12,-3.51
APU0000711411,1,-3.95
APU0000711411,2,-5.28
APU0000711411,3,-3.99
APU0000711411,4,-2.33
APU0000711411,5,-0.89
APU0000711411,6,0.92
APU0000711411,7,3.09
APU0000711411,8,3.12
APU0000711411,9,4.78
APU0000711411,10,4.34
APU0000711411,11,1.52
APU0000711411,12,0.27
APU0000711412,1,-0.38
APU0000711412,2,-1.46
APU0000711412,3,-1.9
APU0000711412,4,-1.08
APU0000711412,5,-1.39
APU0000711412,6,-0.77
APU0000711412,7,1.85
APU0000711412,8,1.69
APU0000711412,9,2.55
APU0000711412,10,2.0
APU0000711412,11,0.54
APU0000711412,12,-0.7
APU0000711413,1,-0.61
APU0000711413,2,-3.31
APU0000711413,3,-2.05
APU0000711413,4,-1.64
APU0000711413,5,-1.67
APU0000711413,6,1.5
APU0000711413,7,1.32
APU0000711413,8,2.45
APU0000711413,9,1.71
APU0000711413,10,1.13
APU0000711413,11,0.75
APU0000711413,12,-2.11
APU0000711415,1,17.92
APU0000711415,2,9.25
APU0000711415,3,-5.52
APU0000711415,4,-3.28
APU0000711415,5,-12.29
APU0000711415,6,-19.62
APU0000711415,7,-19.54
APU0000711415,8,-12.29
APU0000711415,9,-7.66
APU0000711415,10,-0.38
APU0000711415,11,14.95
APU0000711415,12,26.29
APU0000711417,1,14.4
APU0000711417,2,11.94
APU0000711417,3,5.49
APU0000711417,4,9.14
APU0000711417,5,16.75
APU0000711417,6,-0.3
APU0000711417,7,-8.06
APU0000711417,8,-16.18
APU0000711417,9,-19.9
APU0000711417,10,-16.89
APU0000711417,11,-10.75
APU0000711417,12,-0.19
APU0000712112,1,-1.37
APU0000712112,2,-1.79
APU0000712112,3,-1.5
APU0000712112,4,-1.12
APU0000712112,5,0.1
APU0000712112,6,0.95
APU0000712112,7,3.01
APU0000712112,8,4.15
APU0000712112,9,2.82
APU0000712112,10,1.32
APU0000712112,11,-2.41
APU0000712112,12,-3.41
APU0000712211,1,1.1
APU0000712211,2,-2.27
APU0000712211,3,-0.04
APU0000712211,4,2.76
APU0000712211,5,0.75
APU0000712211,6,-4.81
APU0000712211,7,-3.84
APU0000712211,8,-4.8
APU0000712211,9,-5.46
APU0000712211,10,-2.22
APU0000712211,11,6.14
APU0000712211,12,7.49
APU0000712311,1,8.84
APU0000712311,2,3.61
APU0000712311,3,0.37
APU0000712311,4,-2.84
APU0000712311,5,-7.15
APU0000712311,6,-5.5
APU0000712311,7,-3.51
APU0000712311,8,-3.57
APU0000712311,9,-3.02
APU0000712311,10,-1.13
APU0000712311,11,2.28
APU0000712311,12,4.5
APU0000712406,1,2.32
APU0000712406,2,-2.01
APU0000712406,3,-1.24
APU0000712406,4,1.94
APU0000712406,5,0.66
APU0000712406,6,-2.01
APU0000712406,7,2.28
APU0000712406,8,-2.09
APU0000712406,9,-3.07
APU0000712406,10,-5.08
APU0000712406,11,1.98
APU0000712406,12,4.67
APU0000712412,1,3.25
APU0000712412,2,-0.17
APU0000712412,3,0.45
APU0000712412,4,2.11
APU0000712412,5,-0.42
APU0000712412,6,0.0
APU0000712412,7,-2.17
APU0000712412,8,-2.01
APU0000712412,9,-3.58
APU0000712412,10,2.5
APU0000712412,11,-1.34
APU0000712412,12,1.06
APU0000713111,1,-0.35
APU0000713111,2,0.8
APU0000713111,3,-0.51
APU0000713111,4,0.28
APU0000713111,5,0.38
APU0000713111,6,1.38
APU0000713111,7,1.74
APU0000713111,8,1.29
APU0000713111,9,-0.01
APU0000713111,10,-0.38
APU0000713111,11,-1.76
APU0000713111,12,-1.19
APU0000714221,1,-0.99
APU0000714221,2,0.6
APU0000714221,3,-1.32
APU0000714221,4,0.67
APU0000714221,5,2.52
APU0000714221,6,2.24
APU0000714221,7,3.28
APU0000714221,8,0.95
APU0000714221,9,3.44
APU0000714221,10,-1.83
APU0000714221,11,-7.65
APU0000714221,12,-7.63
APU0000714233,1,-0.24
APU0000714233,2,0.29
APU0000714233,3,0.95
APU0000714233,4,0.54
APU0000714233,5,0.39
APU0000714233,6,-0.41
APU0000714233,7,0.38
APU0000714233,8,-0.51
APU0000714233,9,-0.4
APU0000714233,10,-0.66
APU0000714233,11,-0.15
APU0000714233,12,0.17
APU0000715211,1,-0.05
APU0000715211,2,-0.11
APU0000715211,3,-0.52
APU0000715211,4,0.15
APU0000715211,5,0.53
APU0000715211,6,0.49
APU0000715211,7,0.82
APU0000715211,8,0.92
APU0000715211,9,1.43
APU0000715211,10,0.43
APU0000715211,11,-0.97
APU0000715211,12,-1.64
APU0000715212,1,0.79
APU0000715212,2,0.39
APU0000715212,3,-0.27
APU0000715212,4,0.59
APU0000715212,5,-0.01
APU0000715212,6,-0.07
APU0000715212,7,0.51
APU0000715212,8,0.17
APU0000715212,9,0.51
APU0000715212,10,0.66
APU0000715212,11,-2.2
APU0000715212,12,-1.7
APU0000716116,1,-0.94
APU0000716116,2,-0.34
APU0000716116,3,-0.93
APU0000716116,4,0.08
APU0000716116,5,-1.66
APU0000716116,6,-1.16
APU0000716116,7,-0.35
APU0000716116,8,0.41
APU0000716116,9,1.37
APU0000716116,10,0.61
APU0000716116,11,-3.33
APU0000716116,12,-0.71
APU0000717311,1,0.34
APU0000717311,2,0.8
APU0000717311,3,0.09
APU0000717311,4,0.21
APU0000717311,5,0.4
APU0000717311,6,0.56
APU0000717311,7,0.42
APU0000717311,8,0.67
APU0000717311,9,0.2
APU0000717311,10,0.47
APU0000717311,11,-0.34
APU0000717311,12,-0.86
APU0000718311,1,-1.26
APU0000718311,2,-0.9
APU0000718311,3,0.68
APU0000718311,4,0.97
APU0000718311,5,0.46
APU0000718311,6,0.51
APU0000718311,7,0.03
APU0000718311,8,-0.41
APU0000718311,9,0.58
APU0000718311,10,1.06
APU0000718311,11,1.11
APU0000718311,12,-0.74
APU0000720111,1,0.26
APU0000720111,2,0.37
APU0000720111,3,0.46
APU0000720111,4,0.45
APU0000720111,5,0.31
APU0000720111,6,-0.03
APU0000720111,7,-0.25
APU0000720111,8,-0.42
APU0000720111,9,-0.41
APU0000720111,10,-0.02
APU0000720111,11,0.5
APU0000720111,12,0.24
APU0000720311,1,-0.2
APU0000720311,2,0.1
APU0000720311,3,-0.06
APU0000720311,4,0.32
APU0000720311,5,-0.1
APU0000720311,6,-0.4
APU0000720311,7,-0.46
APU0000720311,8,-0.16
APU0000720311,9,0.23
APU0000720311,10,0.8
APU0000720311,11,0.4
APU0000720311,12,0.04
APU000072511,1,-0.65
APU000072511,2,0.07
APU000072511,3,0.11
APU000072511,4,-2.07
APU000072511,5,-1.54
APU000072511,6,-1.54
APU000072511,7,-1.42
APU000072511,8,-2.63
APU000072511,9,-1.83
APU000072511,10,2.03
APU000072511,11,0.7
APU000072511,12,-2.28
APU000072610,1,-0.58
APU000072610,2,-0.71
APU000072610,3,-0.79
APU000072610,4,-1.08
APU000072610,5,-0.54
APU000072610,6,1.98
APU000072610,7,2.18
APU000072610,8,2.08
APU000072610,9,1.72
APU000072610,10,-0.32
APU000072610,11,-1.49
APU000072610,12,-1.45
APU000072620,1,2.57
APU000072620,2,1.41
APU000072620,3,-0.77
APU000072620,4,-1.79
APU000072620,5,-0.94
APU000072620,6,-0.01
APU000072620,7,-0.58
APU000072620,8,-0.14
APU000072620,9,-0.5
APU000072620,10,-0.32
APU000072620,11,0.43
APU000072620,12,1.39
APU000074714,1,-7.27
APU000074714,2,-6.58
APU000074714,3,-1.02
APU000074714,4,1.13
APU000074714,5,3.13
APU000074714,6,4.75
APU000074714,7,4.53
APU000074714,8,2.61
APU000074714,9,1.76
APU000074714,10,0.32
APU000074714,11,-2.91
APU000074714,12,-7.39
APU000074715,1,-6.43
APU000074715,2,-6.01
APU000074715,3,-1.01
APU000074715,4,1.04
APU000074715,5,2.67
APU000074715,6,4.24
APU000074715,7,4.13
APU000074715,8,2.5
APU000074715,9,1.65
APU000074715,10,0.65
APU000074715,11,-2.31
APU000074715,12,-6.16
APU000074716,1,-6.05
APU000074716,2,-5.6
APU000074716,3,-1.07
APU000074716,4,1.0
APU000074716,5,2.53
APU000074716,6,3.81
APU000074716,7,3.76
APU000074716,8,2.2
APU000074716,9,1.8
APU000074716,10,0.96
APU000074716,11,-1.76
APU000074716,12,-5.6
APU000074717,1,-3.86
APU000074717,2,-3.72
APU000074717,3,-0.4
APU000074717,4,-0.3
APU000074717,5,0.36
APU000074717,6,0.43
APU000074717,7,0.46
APU000074717,8,-0.25
APU000074717,9,0.06
APU000074717,10,0.87
APU000074717,11,0.51
APU000074717,12,-2.21
APU00007471A,1,-7.07
APU00007471A,2,-6.43
APU00007471A,3,-1.03
APU00007471A,4,1.09
APU00007471A,5,3.01
APU00007471A,6,4.62
APU00007471A,7,4.41
APU00007471A,8,2.56
APU00007471A,9,1.78
APU00007471A,10,0.54
APU00007471A,11,-2.77
APU00007471A,12,-7.13
APU0000FC1101,1,-1.43
APU0000FC1101,2,-1.55
APU0000FC1101,3,-1.01
APU0000FC1101,4,-0.33
APU0000FC1101,5,0.46
APU0000FC1101,6,1.9
APU0000FC1101,7,1.34
APU0000FC1101,8,1.23
APU0000FC1101,9,0.57
APU0000FC1101,10,0.39
APU0000FC1101,11,0.02
APU0000FC1101,12,-0.77
APU0000FC2101,1,-2.63
APU0000FC2101,2,-1.51
APU0000FC2101,3,-0.7
APU0000FC2101,4,-0.19
APU0000FC2101,5,2.41
APU0000FC2101,6,3.02
APU0000FC2101,7,1.98
APU0000FC2101,8,1.07
APU0000FC2101,9,0.82
APU0000FC2101,10,-1.0
APU0000FC2101,11,-0.58
APU0000FC2101,12,-1.66
APU0000FC3101,1,-1.7
APU0000FC3101,2,-1.8
APU0000FC3101,3,-1.35
APU0000FC3101,4,-0.22
APU0000FC3101,5,1.31
APU0000FC3101,6,2.86
APU0000FC3101,7,2.23
APU0000FC3101,8,1.28
APU0000FC3101,9,0.87
APU0000FC3101,10,0.46
APU0000FC3101,11,-0.89
APU0000FC3101,12,-1.56
APU0000FC4101,1,-1.63
APU0000FC4101,2,-1.06
APU0000FC4101,3,-1.42
APU0000FC4101,4,-0.42
APU0000FC4101,5,-0.48
APU0000FC4101,6,1.99
APU0000FC4101,7,1.64
APU0000FC4101,8,1.47
APU0000FC4101,9,1.17
APU0000FC4101,10,0.04
APU0000FC4101,11,0.57
APU0000FC4101,12,-0.07
APU0000FD2101,1,-2.69
APU0000FD2101,2,-1.77
APU0000FD2101,3,-0.18
APU0000FD2101,4,-2.56
APU0000FD2101,5,-0.9
APU0000FD2101,6,1.25
APU0000FD2101,7,2.2
APU0000FD2101,8,2.72
APU0000FD2101,9,3.17
APU0000FD2101,10,3.76
APU0000FD2101,11,-0.04
APU0000FD2101,12,-3.73
APU0000FD3101,1,-2.82
APU0000FD3101,2,-2.21
APU0000FD3101,3,-1.44
APU0000FD3101,4,-0.48
APU0000FD3101,5,0.94
APU0000FD3101,6,1.69
APU0000FD3101,7,1.75
APU0000FD3101,8,1.71
APU0000FD3101,9,0.97
APU0000FD3101,10,0.37
APU0000FD3101,11,-0.29
APU0000FD3101,12,-0.34
APU0000FD4101,1,-0.96
APU0000FD4101,2,-1.81
APU0000FD4101,3,-1.23
APU0000FD4101,4,-0.31
APU0000FD4101,5,0.2
APU0000FD4101,6,0.41
APU0000FD4101,7,0.81
APU0000FD4101,8,1.02
APU0000FD4101,9,0.84
APU0000FD4101,10,1.11
APU0000FD4101,11,1.29
APU0000FD4101,12,-0.83
APU0000FF1101,1,-1.34
APU0000FF1101,2,-0.93
APU0000FF1101,3,-0.71
APU0000FF1101,4,0.93
APU0000FF1101,5,1.07
APU0000FF1101,6,1.09
APU0000FF1101,7,0.14
APU0000FF1101,8,0.09
APU0000FF1101,9,-0.11
APU0000FF1101,10,0.38
APU0000FF1101,11,-0.46
APU0000FF1101,12,-0.05
APU0000FJ1101,1,0.16
APU0000FJ1101,2,-0.22
APU0000FJ1101,3,-0.0
APU0000FJ1101,4,0.33
APU0000FJ1101,5,-0.02
APU0000FJ1101,6,-0.37
APU0000FJ1101,7,-0.3
APU0000FJ1101,8,0.56
APU0000FJ1101,9,0.17
APU0000FJ1101,10,-0.25
APU0000FJ1101,11,0.24
APU0000FJ1101,12,0.62
APU0000FJ4101,1,-1.62
APU0000FJ4101,2,-0.79
APU0000FJ4101,3,-0.0
APU0000FJ4101,4,0.13
APU0000FJ4101,5,1.62
APU0000FJ4101,6,0.18
APU0000FJ4101,7,2.17
APU0000FJ4101,8,0.54
APU0000FJ4101,9,0.75
APU0000FJ4101,10,-0.93
APU0000FJ4101,11,0.02
APU0000FJ4101,12,0.09
APU0000FL2101,1,-1.48
APU0000FL2101,2,-1.34
APU0000FL2101,3,-0.83
APU0000FL2101,4,2.72
APU0000FL2101,5,1.45
APU0000FL2101,6,-1.42
APU0000FL2101,7,-2.62
APU0000FL2101,8,-4.05
APU0000FL2101,9,-3.14
APU0000FL2101,10,-0.63
APU0000FL2101,11,4.08
APU0000FL2101,12,4.8
APU0000FN1101,1,0.04
APU0000FN1101,2,1.4
APU0000FN1101,3,2.11
APU0000FN1101,4,1.91
APU0000FN1101,5,1.31
APU0000FN1101,6,0.18
APU0000FN1101,7,0.8
APU0000FN1101,8,0.63
APU0000FN1101,9,1.73
APU0000FN1101,10,1.27
APU0000FN1101,11,-4.28
APU0000FN1101,12,-5.65
APU0000FN1102,1,2.58
APU0000FN1102,2,0.71
APU0000FN1102,3,2.25
APU0000FN1102,4,1.28
APU0000FN1102,5,-1.62
APU0000FN1102,6,0.06
APU0000FN1102,7,-0.62
APU0000FN1102,8,0.67
APU0000FN1102,9,-0.02
APU0000FN1102,10,1.04
APU0000FN1102,11,-1.53
APU0000FN1102,12,-1.94
APU0000FS1101,1,0.95
APU0000FS1101,2,0.94
APU0000FS1101,3,1.35
APU0000FS1101,4,-0.71
APU0000FS1101,5,0.05
APU0000FS1101,6,-0.69
APU0000FS1101,7,0.72
APU0000FS1101,8,1.27
APU0000FS1101,9,1.01
APU0000FS1101,10,1.28
APU0000FS1101,11,-3.31
APU0000FS1101,12,-2.38
